Unnamed: 0,Unnamed: 0.1,Viral coefficient,Cycle time,Retention rate,Resurrection rate,New,Active,Lost
0,0,0.5274734583331012,20.0,0.1327195301571571,0.002,10,0.0,0.0
1,1,0.5279161224380411,19.925187187890234,0.13505010122335145,0.002,10,1.0,9.0
2,2,0.5283650112413856,19.850747506237518,0.13736904851786025,0.002,10,2.0,18.0
3,3,0.5288201958763411,19.776679094045946,0.1396764300144866,0.002,10,3.0,27.0
4,4,0.5292817480095335,19.70298009960133,0.14197230339788813,0.002,10,4.0,36.0
5,5,0.5297497398403228,19.62964868042499,0.14425672606501894,0.002,10,5.0,45.0
6,6,0.5302242441000183,19.556683003227626,0.14652975512656474,0.002,10,7.0,53.0
7,7,0.5307053340509981,19.484081243863496,0.1487914474083704,0.002,10,9.0,61.0
8,8,0.5311930834857265,19.411841587284847,0.1510418594528608,0.002,10,11.0,69.0
9,9,0.5316875667256716,19.3399622274965,0.15328104752045435,0.002,10,13.0,77.0
10,10,0.5321888586201207,19.26844136751071,0.15550906759096927,0.002,10,15.0,85.0
11,11,0.5326970345448898,19.197277219302254,0.1577259753650233,0.002,10,17.0,93.0
12,12,0.5332121704009306,19.126468003763737,0.15993182626542646,0.002,10,19.0,101.0
13,13,0.5337343426128284,19.056011950661045,0.1621266754385659,0.002,10,21.0,109.0
14,14,0.5342636281271931,18.985907298589225,0.16431057775578545,0.002,10,23.0,117.0
15,15,0.5348001044109402,18.91615229492829,0.16648358781475664,0.002,10,25.0,125.0
16,16,0.5353438494494615,18.84674519579953,0.1686457599408443,0.002,10,27.0,133.0
17,17,0.5358949417446826,18.77768426602186,0.17079714818846406,0.002,10,29.0,141.0
18,18,0.5364534603130077,18.708967779068423,0.1729378063424341,0.002,10,31.0,149.0
19,19,0.5370194846831486,18.640594017023467,0.17506778791931998,0.002,13,33.0,157.0
20,20,0.5375930948938381,18.572561270539392,0.1771871461687719,0.002,10,36.0,167.0
21,21,0.5381743714914244,18.504867838793984,0.1792959340748565,0.002,10,38.0,175.0
22,22,0.5387633955273475,18.437512029447927,0.18139420435738127,0.002,10,40.0,183.0
23,23,0.5393602485554948,18.37049215860247,0.18348200947321264,0.002,10,42.0,191.0
24,24,0.5399650126294343,18.30380655075736,0.1855594016175872,0.002,10,44.0,199.0
25,25,0.5405777702995256,18.237453538768925,0.18762643272541665,0.002,10,46.0,207.0
26,26,0.5411986046099052,18.171431463808414,0.1896831544725865,0.002,10,48.0,215.0
27,27,0.5418275990953467,18.10573867532052,0.19172961827724733,0.002,10,50.0,223.0
28,28,0.5424648377779938,18.040373530982087,0.1937658753011012,0.002,10,52.0,231.0
29,29,0.5431104051639645,17.975334396661122,0.19579197645067944,0.002,10,54.0,239.0
30,30,0.5437643862398255,17.910619646375867,0.1978079723786164,0.002,10,56.0,247.0
31,31,0.5444268664689357,17.8462276622542,0.1998139134849153,0.002,10,58.0,255.0
32,32,0.5450979317876571,17.782156834493172,0.2018098499182084,0.002,10,61.0,262.0
33,33,0.5457776686014326,17.71840556131874,0.20379583157701026,0.002,10,64.0,269.0
34,34,0.5464661637807277,17.654972248945754,0.205771908110966,0.002,10,67.0,276.0
35,35,0.5471635046568369,17.59185531153811,0.2077381289220916,0.002,10,70.0,283.0
36,36,0.5478697790175533,17.529053171169082,0.20969454316601005,0.002,10,73.0,290.0
37,37,0.5485850751026975,17.466564257781883,0.2116411997531792,0.002,10,76.0,297.0
38,38,0.5493094815995089,17.40438700915043,0.2135781473501152,0.002,10,79.0,304.0
39,39,0.5500430876378941,17.342519870840274,0.2155054343806088,0.002,10,82.0,311.0
40,40,0.5507859827855347,17.280961296169732,0.21742310902693598,0.002,10,85.0,318.0
41,41,0.5515382570428499,17.219709746171223,0.21933121923106308,0.002,10,88.0,325.0
42,42,0.5523000008378158,17.158763689552806,0.2212298126958444,0.002,11,91.0,332.0
43,43,0.5530713050206393,17.0981216026599,0.22311893688621548,0.002,11,94.0,340.0
44,44,0.5538522608582827,17.037781969437173,0.2249986390303796,0.002,11,97.0,348.0
45,45,0.5546429600288435,16.977743281390655,0.2268689661209879,0.002,11,100.0,356.0
46,46,0.5554434946157832,16.91800403755001,0.2287299649163155,0.002,11,103.0,364.0
47,47,0.5562539571020062,16.858562744431033,0.2305816819414289,0.002,11,106.0,372.0
48,48,0.5570744403637875,16.7994179159983,0.2324241634893503,0.002,11,109.0,380.0
49,49,0.5579050376645488,16.740568073628022,0.23425745562221445,0.002,11,112.0,388.0
50,50,0.5587458426484806,16.682011746071073,0.2360816041724199,0.002,11,115.0,396.0
51,51,0.55959694933401,16.623747469416216,0.2378966547437757,0.002,11,118.0,404.0
52,52,0.5604584521071141,16.565773787053494,0.2397026527126405,0.002,11,121.0,412.0
53,53,0.5613304457144759,16.508089249637834,0.24149964322905754,0.002,11,124.0,420.0
54,54,0.5622130252564838,16.4506924150528,0.24328767121788336,0.002,11,127.0,428.0
55,55,0.5631062861800734,16.393581848374527,0.2450667813799109,0.002,11,131.0,435.0
56,56,0.5640103242714096,16.336756121835887,0.2468370181929869,0.002,11,135.0,442.0
57,57,0.5649252356484088,16.28021381479074,0.24859842591312376,0.002,11,139.0,449.0
58,58,0.5658511167531011,16.22395351367848,0.2503510485756062,0.002,11,143.0,456.0
59,59,0.56678806434383,16.16797381198864,0.2520949299960922,0.002,11,147.0,463.0
60,60,0.5677361754872914,16.112273310225767,0.253830113771708,0.002,11,151.0,470.0
61,61,0.5686955475504072,16.056850615874414,0.25555664328213834,0.002,11,155.0,477.0
62,62,0.5696662781920373,16.001704343364338,0.25727456169071106,0.002,11,159.0,484.0
63,63,0.5706484653545253,15.946833114035853,0.25898391194547565,0.002,11,163.0,491.0
64,64,0.5716422072550802,15.892235556105366,0.26068473678027776,0.002,11,167.0,498.0
65,65,0.5726476023769913,15.837910304631086,0.2623770787158265,0.002,11,171.0,505.0
66,66,0.573664749460677,15.783856001478894,0.2640609800607588,0.002,11,175.0,512.0
67,67,0.574693747494566,15.7300712952884,0.26573648291269564,0.002,11,179.0,519.0
68,68,0.5757346957058116,15.676554841439145,0.2674036291592958,0.002,11,183.0,526.0
69,69,0.576787693550836,15.623305302017,0.2690624604793021,0.002,11,187.0,533.0
70,70,0.5778528407057081,15.570321345780703,0.2707130183435841,0.002,11,191.0,540.0
71,71,0.5789302370563494,15.517601648128586,0.27235534401617434,0.002,11,195.0,547.0
72,72,0.5800199826885721,15.465144891065464,0.2739894785553001,0.002,11,199.0,554.0
73,73,0.5811221778779463,15.412949763169685,0.27561546281440996,0.002,11,203.0,561.0
74,74,0.5822369230794959,15.36101495956032,0.2772333374431953,0.002,11,207.0,568.0
75,75,0.5833643189172246,15.309339181864585,0.27884314288860584,0.002,11,211.0,575.0
76,76,0.5845044661734698,15.257921138185338,0.2804449193958617,0.002,11,215.0,582.0
77,77,0.5856574657780853,15.206759543068815,0.2820387070094589,0.002,11,219.0,589.0
78,78,0.5868234187974518,15.15585311747247,0.2836245455741709,0.002,11,223.0,596.0
79,79,0.5880024264233157,15.105200588733014,0.28520247473604426,0.002,11,227.0,603.0
80,80,0.5891945899614548,15.05480069053459,0.2867725339433904,0.002,11,231.0,610.0
81,81,0.5904000108201729,15.004652162877116,0.28833476244777106,0.002,11,235.0,617.0
82,82,0.5916187904986204,14.954753752044793,0.2898891993049805,0.002,11,239.0,624.0
83,83,0.5928510305749431,14.905104210574743,0.29143588337602083,0.002,11,243.0,631.0
84,84,0.5940968326942582,14.855702297225852,0.29297485332807444,0.002,11,247.0,638.0
85,85,0.5953562985564568,14.806546776947709,0.2945061476354705,0.002,11,251.0,645.0
86,86,0.5966295299038354,14.757636420849748,0.2960298045806462,0.002,11,256.0,651.0
87,87,0.5979166285085533,14.708970006170519,0.29754586225510465,0.002,11,261.0,657.0
88,88,0.5992176961599178,14.66054631624712,0.29905435856036666,0.002,11,266.0,663.0
89,89,0.6005328346514976,14.612364140484779,0.3005553312089184,0.002,11,271.0,669.0
90,90,0.6018621457680642,14.5644222743266,0.3020488177251543,0.002,11,276.0,675.0
91,91,0.6032057312723599,14.516719519223425,0.30353485544631503,0.002,11,281.0,681.0
92,92,0.6045636928916964,14.469254682603893,0.3050134815234209,0.002,11,286.0,687.0
93,93,0.6059361323043805,14.422026577844612,0.3064847329222011,0.002,11,291.0,693.0
94,94,0.6073231511259691,14.375034024240513,0.3079486464240169,0.002,11,296.0,699.0
95,95,0.6087248508953547,14.3282758469753,0.3094052586267825,0.002,11,301.0,705.0
96,96,0.6101413330606792,14.281750877092113,0.3108546059458785,0.002,11,306.0,711.0
97,97,0.6115726989650797,14.235457951464277,0.3122967246150635,0.002,11,311.0,717.0
98,98,0.6130190498322641,14.189395912766242,0.3137316506873793,0.002,11,316.0,723.0
99,99,0.6144804867519189,14.143563609444639,0.3151594200360526,0.002,11,321.0,729.0
100,100,0.6159571106649495,14.097959895689499,0.31658006835539115,0.002,11,326.0,735.0
101,101,0.6174490223485518,14.052583631405605,0.3179936311616772,0.002,11,331.0,741.0
102,102,0.6189563224011192,14.007433682183988,0.3194001437940545,0.002,11,336.0,747.0
103,103,0.620479111226983,13.962508919273562,0.32079964141541195,0.002,11,341.0,753.0
104,104,0.6220174890209883,13.917808219552915,0.32219215901326315,0.002,11,346.0,759.0
105,105,0.6235715557529056,13.873330465502224,0.3235777314006205,0.002,11,351.0,765.0
106,106,0.6251414111516798,13.829074545175327,0.3249563932168659,0.002,12,356.0,771.0
107,107,0.6267271546895163,13.785039352171907,0.3263281789286165,0.002,12,361.0,778.0
108,108,0.6283288855658073,13.741223785609845,0.3276931228305865,0.002,12,366.0,785.0
109,109,0.6299467026908973,13.697626750097694,0.3290512590464447,0.002,12,372.0,791.0
110,110,0.6315807046696886,13.6542471557073,0.33040262152966704,0.002,12,378.0,797.0
111,111,0.6332309897850918,13.611083917946539,0.33174724406438616,0.002,12,384.0,803.0
112,112,0.6348976559813172,13.568135957732222,0.3330851602662353,0.002,12,390.0,809.0
113,113,0.6365808008470119,13.525402201363109,0.33441640358318936,0.002,12,396.0,815.0
114,114,0.6382805215982431,13.482881580493054,0.33574100729640044,0.002,12,402.0,821.0
115,115,0.6399969150613288,13.440573032104334,0.3370590045210305,0.002,12,408.0,827.0
116,116,0.6417300776555164,13.39847549848103,0.33837042820707863,0.002,12,414.0,833.0
117,117,0.6434801053755126,13.356587927182613,0.33967531114020544,0.002,12,420.0,839.0
118,118,0.6452470937738652,13.314909271017607,0.3409736859425522,0.002,12,426.0,845.0
119,119,0.6470311379431967,13.273438488017447,0.3422655850735565,0.002,12,432.0,851.0
120,120,0.6488323324982949,13.232174541410398,0.34355104083076393,0.002,12,438.0,857.0
121,121,0.6506507715580585,13.19111639959564,0.34483008535063553,0.002,12,444.0,863.0
122,122,0.6524865487273024,13.150263036117494,0.3461027506093507,0.002,12,450.0,869.0
123,123,0.6543397570784218,13.109613429639747,0.3473690684236073,0.002,12,456.0,875.0
124,124,0.6562104891329197,13.069166563920117,0.3486290704514166,0.002,12,462.0,881.0
125,125,0.6580988368427965,13.028921427784855,0.34988278819289503,0.002,12,468.0,887.0
126,126,0.6600048915718078,12.988877015103455,0.3511302529910512,0.002,12,474.0,893.0
127,127,0.6619287440765875,12.949032324763527,0.3523714960325702,0.002,12,480.0,899.0
128,128,0.6638704844876426,12.909386360645726,0.3536065483485927,0.002,12,486.0,905.0
129,129,0.6658302022902193,12.869938131598893,0.3548354408154909,0.002,12,492.0,911.0
130,130,0.6678079863050422,12.830686651415244,0.3560582041556405,0.002,12,498.0,917.0
131,131,0.6698039246689323,12.791630938805726,0.3572748689381887,0.002,12,504.0,923.0
132,132,0.6718181048153009,12.752770017375488,0.3584854655798184,0.002,12,510.0,929.0
133,133,0.6738506134545259,12.71410291559948,0.35969002434550873,0.002,12,516.0,935.0
134,134,0.6759015365542114,12.675628666798135,0.3608885753492915,0.002,12,522.0,941.0
135,135,0.6779709593193322,12.637346309113235,0.3620811485550043,0.002,12,528.0,947.0
136,136,0.6800589661722672,12.599254885483846,0.36326777377703934,0.002,12,534.0,953.0
137,137,0.6821656407327235,12.561353443622384,0.3644484806810889,0.002,12,540.0,959.0
138,138,0.6842910657975527,12.523641035990831,0.3656232987848873,0.002,12,546.0,965.0
139,139,0.6864353233204654,12.486116719777039,0.36679225745894817,0.002,12,552.0,971.0
140,140,0.6885984943916419,12.44877955687114,0.3679553859272993,0.002,12,558.0,977.0
141,141,0.6907806592172455,12.411628613842124,0.3691127132682128,0.002,12,564.0,983.0
142,142,0.6929818970988411,12.374662961914478,0.3702642684149328,0.002,12,570.0,989.0
143,143,0.6952022864127181,12.337881676944974,0.3714100801563977,0.002,12,576.0,995.0
144,144,0.6974419045891262,12.301283839399574,0.3725501771379607,0.002,12,582.0,1001.0
145,145,0.6997008280914228,12.264868534330434,0.3736845878621058,0.002,12,588.0,1007.0
146,146,0.7019791323951355,12.228634851353036,0.3748133406891603,0.002,12,594.0,1013.0
147,147,0.7042768919669462,12.192581884623413,0.3759364638380034,0.002,12,601.0,1018.0
148,148,0.7065941802435947,12.156708732815517,0.3770539853867726,0.002,12,608.0,1023.0
149,149,0.7089310696107096,12.121014499098685,0.3781659332735646,0.002,12,615.0,1028.0
150,150,0.7112876313815675,12.08549829111522,0.37927233529713456,0.002,12,622.0,1033.0
151,151,0.7136639357757828,12.050159220958069,0.3803732191175908,0.002,13,629.0,1038.0
152,152,0.7160600518979343,12.014996405148635,0.381468612257086,0.002,13,636.0,1044.0
153,153,0.7184760477161304,11.980008964614699,0.3825585421005058,0.002,13,643.0,1050.0
154,154,0.7209119900405152,11.94519602466842,0.38364303589615295,0.002,13,650.0,1056.0
155,155,0.7233679445017217,11.910556714984489,0.384722120756429,0.002,13,657.0,1062.0
156,156,0.7258439755292729,11.876090169578353,0.3857958236585116,0.002,13,664.0,1068.0
157,157,0.7283401463299366,11.841795526784587,0.3868641714450291,0.002,13,671.0,1074.0
158,158,0.7308565188660363,11.807671929235337,0.3879271908247319,0.002,13,678.0,1080.0
159,159,0.7333931538337222,11.773718523838884,0.3889849083731598,0.002,13,685.0,1086.0
160,160,0.7359501106412055,11.739934461758326,0.3900373505333068,0.002,13,692.0,1092.0
161,161,0.7385274473869623,11.706318898390348,0.3910845436162815,0.002,13,699.0,1098.0
162,162,0.7411252208379064,11.672870993344116,0.3921265138019655,0.002,13,706.0,1104.0
163,163,0.7437434864075401,11.639589910420264,0.3931632871396679,0.002,13,713.0,1110.0
164,164,0.7463822981340819,11.606474817589989,0.394194889548776,0.002,13,720.0,1116.0
165,165,0.7490417086585799,11.573524886974235,0.3952213468194038,0.002,13,727.0,1122.0
166,166,0.7517217692030117,11.540739294823036,0.3962426846130365,0.002,13,734.0,1128.0
167,167,0.754422529548375,11.508117221494865,0.3972589284631721,0.002,13,741.0,1134.0
168,168,0.7571440380127751,11.475657851436196,0.3982701037759601,0.002,13,748.0,1140.0
169,169,0.7598863414295116,11.443360373161086,0.3992762358308354,0.002,13,755.0,1146.0
170,170,0.7626494851251701,11.4112239792309,0.40027734978115226,0.002,13,762.0,1152.0
171,171,0.7654335128977201,11.379247866234115,0.4012734706548114,0.002,13,770.0,1157.0
172,172,0.7682384669946283,11.347431234766233,0.40226462335488655,0.002,13,778.0,1162.0
173,173,0.7710643880909873,11.31577328940982,0.4032508326602469,0.002,13,786.0,1167.0
174,174,0.7739113152676654,11.284273238714585,0.4042321232261763,0.002,13,794.0,1172.0
175,175,0.7767792859894839,11.252930295177627,0.40520851958499016,0.002,13,802.0,1177.0
176,176,0.7796683360834229,11.22174367522372,0.4061800461466482,0.002,13,810.0,1182.0
177,177,0.7825784997168636,11.190712599185744,0.4071467271993652,0.002,13,818.0,1187.0
178,178,0.7855098093758688,11.159836291285183,0.4081085869102177,0.002,13,826.0,1192.0
179,179,0.7884622958435081,11.129113979612725,0.4090656493257485,0.002,13,834.0,1197.0
180,180,0.7914359881782322,11.098544896108987,0.4100179383725681,0.002,13,842.0,1202.0
181,181,0.7944309136922989,11.068128276545284,0.4109654778579521,0.002,13,850.0,1207.0
182,182,0.7974470979302593,11.03786336050454,0.4119082914704368,0.002,13,858.0,1212.0
183,183,0.8004845646475056,11.007749391362283,0.4128464027804121,0.002,13,866.0,1217.0
184,184,0.8035433357888866,10.977785616267711,0.41377983524070894,0.002,14,874.0,1222.0
185,185,0.8066234314673959,10.947971286124892,0.4147086121871881,0.002,14,882.0,1228.0
186,186,0.8097248699429376,10.918305655574017,0.4156327568393213,0.002,14,890.0,1234.0
187,187,0.8128476676011733,10.888787982972774,0.41655229230077295,0.002,14,898.0,1240.0
188,188,0.8159918389324574,10.859417530377817,0.4174672415599775,0.002,14,906.0,1246.0
189,189,0.8191573965108634,10.830193563526292,0.4183776274907143,0.002,14,914.0,1252.0
190,190,0.8223443509733079,10.801115351817515,0.4192834728526788,0.002,14,922.0,1258.0
191,191,0.8255527109987768,10.772182168294675,0.4201848002920522,0.002,14,930.0,1264.0
192,192,0.8287824832876565,10.74339328962668,0.4210816323420675,0.002,14,938.0,1270.0
193,193,0.8320336725411809,10.714747996090058,0.4219739914235728,0.002,14,946.0,1276.0
194,194,0.8353062814409921,10.686245571550982,0.4228618998455914,0.002,14,954.0,1282.0
195,195,0.8386003106288253,10.657885303447355,0.4237453798058803,0.002,14,962.0,1288.0
196,196,0.8419157586863208,10.629666482770993,0.4246244533914844,0.002,14,971.0,1293.0
197,197,0.8452526221149679,10.601588404049913,0.425499142579289,0.002,14,980.0,1298.0
198,198,0.8486108953161875,10.573650365330684,0.4263694692365696,0.002,14,989.0,1303.0
199,199,0.8519905705715567,10.545851668160887,0.4272354551215378,0.002,14,998.0,1308.0
200,200,0.8553916380231826,10.518191617571636,0.4280971218838859,0.002,14,1007.0,1313.0
201,201,0.8588140856542288,10.49066952206023,0.4289544910653279,0.002,14,1016.0,1318.0
202,202,0.8622578992696,10.463284693572847,0.42980758410013775,0.002,14,1025.0,1323.0
203,203,0.8657230624767915,10.436036447487352,0.4306564223156861,0.002,14,1034.0,1328.0
204,204,0.8692095566669085,10.408924102596174,0.4315010269329721,0.002,14,1043.0,1333.0
205,205,0.8727173609958563,10.381946981089275,0.4323414190671556,0.002,14,1052.0,1338.0
206,206,0.8762464523657154,10.355104408537212,0.4331776197280835,0.002,14,1061.0,1343.0
207,207,0.879796805406297,10.328395713874274,0.4340096498208159,0.002,15,1070.0,1348.0
208,208,0.8833683924568921,10.301820229381702,0.43483753014614857,0.002,15,1079.0,1354.0
209,209,0.8869611835482141,10.275377290671004,0.43566128140113264,0.002,15,1088.0,1360.0
210,210,0.8905751463845435,10.24906623666733,0.4364809241795924,0.002,15,1097.0,1366.0
211,211,0.8942102463260796,10.222886409592963,0.43729647897264,0.002,15,1106.0,1372.0
212,212,0.8978664463715013,10.19683715495086,0.4381079661691879,0.002,15,1115.0,1378.0
213,213,0.9015437071407484,10.170917821508302,0.4389154060564581,0.002,15,1124.0,1384.0
214,214,0.9052419868580219,10.1451277612806,0.4397188188204898,0.002,15,1133.0,1390.0
215,215,0.9089612413350154,10.119466329514903,0.440518224546644,0.002,15,1142.0,1396.0
216,216,0.912701423954376,10.093932884674086,0.4413136432201056,0.002,15,1151.0,1402.0
217,217,0.9164624856534066,10.068526788420694,0.4421050947263828,0.002,15,1160.0,1408.0
218,218,0.9202443749080093,10.043247405600999,0.4428925988518044,0.002,15,1169.0,1414.0
219,219,0.92404703771688,10.018094104229112,0.4436761752840146,0.002,15,1178.0,1420.0
220,220,0.9278704175859576,9.993066255471193,0.4444558436124649,0.002,15,1187.0,1426.0
221,221,0.9317144555131296,9.968163233629713,0.4452316233289045,0.002,15,1197.0,1431.0
222,222,0.9355790899732056,9.943384416127836,0.4460035338278665,0.002,15,1207.0,1436.0
223,223,0.9394642569031614,9.918729183493827,0.4467715944071534,0.002,15,1217.0,1441.0
224,224,0.943369889687656,9.894196919345593,0.44753582426831984,0.002,15,1227.0,1446.0
225,225,0.947295919144831,9.869787010375246,0.4482962425171521,0.002,15,1237.0,1451.0
226,226,0.9512422735123977,9.845498846333793,0.4490528681641461,0.002,16,1247.0,1456.0
227,227,0.9552088784340108,9.821331820015873,0.4498057201249823,0.002,16,1257.0,1462.0
228,228,0.9591956569459448,9.797285327244557,0.4505548172209991,0.002,16,1267.0,1468.0
229,229,0.9632025294640648,9.773358766856287,0.4513001781796627,0.002,16,1277.0,1474.0
230,230,0.9672294137711106,9.749551540685797,0.4520418216350362,0.002,16,1287.0,1480.0
231,231,0.97127622500429,9.7258630535512,0.4527797661282442,0.002,16,1297.0,1486.0
232,232,0.9753428756431882,9.70229271323908,0.4535140301079377,0.002,16,1307.0,1492.0
233,233,0.9794292754980009,9.6788399304897,0.4542446319307545,0.002,16,1317.0,1498.0
234,234,0.9835353316980928,9.655504118982275,0.4549715898617781,0.002,16,1327.0,1504.0
235,235,0.9876609486808936,9.632284695320296,0.4556949220749947,0.002,16,1337.0,1510.0
236,236,0.9918060281811218,9.609181079016967,0.4564146466537473,0.002,16,1347.0,1516.0
237,237,0.9959704692203599,9.586192692480676,0.4571307815911878,0.002,16,1357.0,1522.0
238,238,1.0001541680969723,9.563318961000563,0.4578433447907269,0.002,16,1367.0,1528.0
239,239,1.004357018376375,9.540559312732142,0.4585523540664818,0.002,16,1377.0,1534.0
240,240,1.0085789108816634,9.517913178683033,0.4592578271437214,0.002,16,1387.0,1540.0
241,241,1.012819733684602,9.495379992698696,0.4599597816593092,0.002,16,1397.0,1546.0
242,242,1.0170793720969795,9.472959191448313,0.4606582351621447,0.002,17,1407.0,1552.0
243,243,1.0213577086623369,9.450650214410679,0.4613532051136019,0.002,17,1418.0,1558.0
244,244,1.0256546231480672,9.428452503860212,0.4620447088879657,0.002,17,1429.0,1564.0
245,245,1.029969992537902,9.406365504852992,0.4627327637728666,0.002,17,1440.0,1570.0
246,246,1.0343036910247785,9.384388665212892,0.4634173869697124,0.002,17,1451.0,1576.0
247,247,1.038655590004097,9.362521435517774,0.4640985955941187,0.002,17,1462.0,1582.0
248,248,1.0430255580673748,9.34076326908576,0.4647764066763368,0.002,17,1473.0,1588.0
249,249,1.0474134609962955,9.319113621961552,0.4654508371616788,0.002,17,1484.0,1594.0
250,250,1.0518191617571635,9.297571952902851,0.4661219039109421,0.002,17,1495.0,1600.0
251,251,1.0562425204957662,9.276137723366805,0.4667896237008303,0.002,17,1506.0,1606.0
252,252,1.0606833945326457,9.254810397496557,0.4674540132243731,0.002,17,1517.0,1612.0
253,253,1.0651416383587875,9.23358944210785,0.468115089091343,0.002,18,1528.0,1618.0
254,254,1.069617103631732,9.212474326675695,0.4687728678286711,0.002,18,1540.0,1624.0
255,255,1.0741096391721037,9.191464523321107,0.4694273658808603,0.002,18,1552.0,1630.0
256,256,1.0786190909605742,9.170559506797913,0.4700785996103958,0.002,18,1564.0,1636.0
257,257,1.0831453021352566,9.149758754479604,0.4707265852981547,0.002,18,1576.0,1642.0
258,258,1.087688112989533,9.129061746346283,0.4713713391438133,0.002,18,1588.0,1648.0
259,259,1.0922473609703254,9.108467964971682,0.4720128772662509,0.002,18,1600.0,1654.0
260,260,1.096822880676807,9.087976895510186,0.4726512157039542,0.002,18,1612.0,1660.0
261,261,1.1014145038595646,9.067588025684,0.4732863704154173,0.002,18,1624.0,1666.0
262,262,1.1060220594202086,9.047300845770303,0.4739183572795411,0.002,18,1636.0,1672.0
263,263,1.1106453734114388,9.027114848588553,0.4745471920960303,0.002,18,1648.0,1678.0
264,264,1.1152842690375702,9.007029529487756,0.4751728905857877,0.002,19,1660.0,1684.0
265,265,1.1199385666555164,8.987044386333901,0.4757954683913084,0.002,19,1672.0,1691.0
266,266,1.1246080837762409,8.96715891949736,0.4764149410770699,0.002,19,1684.0,1698.0
267,267,1.129292635066678,8.947372631840429,0.4770313241299216,0.002,19,1696.0,1705.0
268,268,1.1339920323521162,8.927685028704891,0.4776446329594719,0.002,19,1708.0,1712.0
269,269,1.138706084619068,8.908095617899633,0.4782548828984735,0.002,19,1720.0,1719.0
270,270,1.1434345980186094,8.888603909688372,0.4788620892032067,0.002,19,1733.0,1725.0
271,271,1.1481773758702003,8.869209416777387,0.4794662670538608,0.002,19,1746.0,1731.0
272,272,1.1529342186659908,8.849911654303337,0.4800674315549133,0.002,19,1759.0,1737.0
273,273,1.1577049240756092,8.830710139821164,0.4806655977355082,0.002,19,1772.0,1743.0
274,274,1.162489286951444,8.811604393292004,0.4812607805498312,0.002,20,1785.0,1749.0
275,275,1.1672870993344118,8.792593937071196,0.4818529948774836,0.002,20,1798.0,1756.0
276,276,1.1720981504602204,8.773678295896346,0.4824422555238544,0.002,20,1811.0,1763.0
277,277,1.1769222267661303,8.754856996875441,0.4830285772204905,0.002,20,1824.0,1770.0
278,278,1.1817591118982105,8.736129569475022,0.4836119746254649,0.002,20,1837.0,1777.0
279,279,1.186608586719096,8.71749554550843,0.484192462323743,0.002,20,1850.0,1784.0
280,280,1.1914704293162504,8.698954459124097,0.4847700548275475,0.002,20,1863.0,1791.0
281,281,1.1963444150107294,8.680505846793896,0.4853447665767212,0.002,20,1876.0,1798.0
282,282,1.2012303163664522,8.662149247301556,0.4859166119390877,0.002,20,1889.0,1805.0
283,283,1.2061279031999808,8.643884201731138,0.4864856052108108,0.002,20,1902.0,1812.0
284,284,1.2110369425908103,8.625710253455546,0.4870517606167519,0.002,21,1915.0,1819.0
285,285,1.2159571988921687,8.607626948125132,0.4876150923108258,0.002,21,1929.0,1826.0
286,286,1.2208884337423318,8.589633833656316,0.488175614376354,0.002,21,1943.0,1833.0
287,287,1.2258304060764504,8.571730460220305,0.4887333408264175,0.002,21,1957.0,1840.0
288,288,1.2307828721388947,8.553916380231826,0.4892882856042065,0.002,21,1971.0,1847.0
289,289,1.2357455854961148,8.536191148337952,0.4898404625833693,0.002,21,1985.0,1854.0
290,290,1.2407182970500192,8.518554321406965,0.4903898855683592,0.002,21,1999.0,1861.0
291,291,1.2457007550518722,8.50100545851727,0.4909365682947795,0.002,21,2013.0,1868.0
292,292,1.2506927051167105,8.483544120946382,0.4914805244297267,0.002,21,2027.0,1875.0
293,293,1.2556938902382817,8.466169872159952,0.4920217675721327,0.002,22,2041.0,1882.0
294,294,1.260704050804501,8.448882277800857,0.4925603112531041,0.002,22,2056.0,1889.0
295,295,1.265722924613434,8.431680905678336,0.493096168936261,0.002,22,2071.0,1896.0
296,296,1.2707502468897949,8.414565325757192,0.4936293540180733,0.002,22,2086.0,1903.0
297,297,1.2757857503019734,8.39753511014703,0.49415987982819604,0.002,22,2101.0,1910.0
298,298,1.280829164979581,8.38058983309158,0.4946877596298019,0.002,22,2116.0,1917.0
299,299,1.2858802185315201,8.36372907095803,0.4952130066199135,0.002,22,2131.0,1924.0
300,300,1.2909386360645727,8.346952402226448,0.4957356339297329,0.002,22,2146.0,1931.0
301,301,1.2960041402025182,8.33025940747924,0.4962556546249702,0.002,22,2161.0,1938.0
302,302,1.3010764511057653,8.313649669390673,0.4967730817061696,0.002,23,2176.0,1945.0
303,303,1.306155286491511,8.297122772716426,0.4972879281090354,0.002,23,2191.0,1953.0
304,304,1.3112403616544177,8.280678304283219,0.4978002067047543,0.002,23,2206.0,1961.0
305,305,1.316331389487811,8.264315852978491,0.498309930300318,0.002,23,2221.0,1969.0
306,306,1.3214280805053975,8.248035009740105,0.4988171116388427,0.002,23,2236.0,1977.0
307,307,1.3265301428635017,8.23183536754613,0.4993217633998885,0.002,23,2251.0,1985.0
308,308,1.3316372823838174,8.215716521404671,0.4998238981997756,0.002,24,2266.0,1993.0
309,309,1.3367492025766805,8.19967806834373,0.5003235285919001,0.002,24,2282.0,2001.0
310,310,1.3418656046648525,8.183719607401146,0.5008206670670481,0.002,24,2298.0,2009.0
311,311,1.3469861876078189,8.167840739614569,0.5013153260537071,0.002,24,2314.0,2017.0
312,312,1.3521106481266016,8.152041068011469,0.5018075179183775,0.002,24,2330.0,2025.0
313,313,1.3572386807290802,8.136320197599241,0.5022972549658818,0.002,25,2346.0,2033.0
314,314,1.362369977735821,8.120677735355308,0.5027845494396715,0.002,25,2363.0,2041.0
315,315,1.367504229306416,8.10511329021729,0.503269413522134,0.002,25,2380.0,2049.0
316,316,1.3726411234663245,8.089626473073253,0.5037518593348963,0.002,25,2397.0,2057.0
317,317,1.3777803461342155,8.07421689675196,0.5042318989391291,0.002,25,2414.0,2065.0
318,318,1.3829215811498181,8.058884176013201,0.5047095443358476,0.002,26,2431.0,2073.0
319,319,1.3880645103022586,8.04362792753816,0.5051848074662113,0.002,26,2448.0,2082.0
320,320,1.3932088133589051,8.028447769919831,0.5056577002118234,0.002,26,2465.0,2091.0
321,321,1.3983541680946934,8.013343323653482,0.5061282343950271,0.002,26,2482.0,2100.0
322,322,1.4035002503219542,7.998314211127168,0.5065964217792016,0.002,27,2499.0,2109.0
323,323,1.408646733920718,7.983360056612295,0.5070622740690558,0.002,27,2517.0,2118.0
324,324,1.4137932908695103,7.9684804862542205,0.5075258029109211,0.002,27,2535.0,2127.0
325,325,1.4189395912766238,7.953675128062911,0.507987019893043,0.002,27,2553.0,2136.0
326,326,1.4240853034118732,7.938943611903642,0.5084459365458697,0.002,27,2571.0,2145.0
327,327,1.429230093738817,7.924285569487737,0.5089025643423416,0.002,28,2589.0,2154.0
328,328,1.4343736269474583,7.90970063436338,0.5093569146981775,0.002,28,2608.0,2163.0
329,329,1.4395155659874062,7.895188441906423,0.5098089989721598,0.002,28,2627.0,2172.0
330,330,1.4446555721015046,7.880748629311311,0.5102588284664189,0.002,28,2646.0,2181.0
331,331,1.4497933048599183,7.866380835581969,0.5107064144267157,0.002,29,2665.0,2190.0
332,332,1.4549284221946737,7.852084701522808,0.5111517680427226,0.002,29,2684.0,2200.0
333,333,1.460060580434655,7.83785986972973,0.5115949004483028,0.002,29,2703.0,2210.0
334,334,1.4651894343410423,7.823705984581203,0.5120358227217899,0.002,29,2722.0,2220.0
335,335,1.4703146371431948,7.809622692229358,0.5124745458862636,0.002,29,2741.0,2230.0
336,336,1.4754358405749721,7.795609640591151,0.5129110809098257,0.002,30,2760.0,2240.0
337,337,1.4805526949114869,7.781666479339562,0.5133454387058748,0.002,30,2780.0,2250.0
338,338,1.4856648490062914,7.767792859894838,0.5137776301333782,0.002,30,2800.0,2260.0
339,339,1.4907719503289785,7.753988435415767,0.5142076659971443,0.002,30,2820.0,2270.0
340,340,1.4958736450032104,7.7402528607910215,0.5146355570480918,0.002,31,2840.0,2280.0
341,341,1.5009695778451566,7.726585792630512,0.5150613139835196,0.002,31,2861.0,2290.0
342,342,1.5060593924023409,7.7129868892568325,0.5154849474473729,0.002,31,2882.0,2300.0
343,343,1.5111427309928904,7.699455810696683,0.5159064680305108,0.002,31,2903.0,2310.0
344,344,1.516219234745183,7.685992218672397,0.5163258862709694,0.002,31,2924.0,2320.0
345,345,1.5212885436378871,7.672595776593478,0.5167432126542268,0.002,32,2945.0,2330.0
346,346,1.5263502965403861,7.659266149548168,0.5171584576134642,0.002,32,2966.0,2341.0
347,347,1.5314041312535829,7.6460030042951,0.5175716315298274,0.002,32,2987.0,2352.0
348,348,1.536449684551081,7.632806009254953,0.5179827447326857,0.002,32,3008.0,2363.0
349,349,1.5414865922207333,7.61967483450216,0.5183918074998904,0.002,33,3029.0,2374.0
350,350,1.5465144891065463,7.606609151756678,0.5187988300580324,0.002,33,3051.0,2385.0
351,351,1.5515330091509538,7.593608634375745,0.5192038225826965,0.002,34,3073.0,2396.0
352,352,1.5565417854374242,7.580672957345757,0.519606795198717,0.002,34,3095.0,2408.0
353,353,1.5615404502334231,7.567801797274113,0.5200077579804303,0.002,34,3117.0,2420.0
354,354,1.5665286350337049,7.5549948323811424,0.520406720951927,0.002,35,3140.0,2431.0
355,355,1.5715059706039365,7.54225174249205,0.5208036940873019,0.002,35,3163.0,2443.0
356,356,1.5764720870246431,7.529572209028933,0.5211986873109041,0.002,35,3186.0,2455.0
357,357,1.5814266137354709,7.516955915002787,0.5215917104975849,0.002,35,3209.0,2467.0
358,358,1.5863691795797543,7.50440254500561,0.5219827734729444,0.002,36,3232.0,2479.0
359,359,1.5912994128493911,7.491911785202496,0.5223718860135773,0.002,36,3256.0,2491.0
360,360,1.5962169413300058,7.479483323323798,0.5227590578473175,0.002,37,3280.0,2503.0
361,361,1.6011213923464036,7.467116848657322,0.5231442986534808,0.002,37,3304.0,2516.0
362,362,1.6060123928083017,7.454812052040562,0.5235276180631075,0.002,38,3328.0,2529.0
363,363,1.6108895692563356,7.442568625852956,0.5239090256592029,0.002,38,3353.0,2542.0
364,364,1.615752547908323,7.430386264008211,0.5242885309769767,0.002,38,3378.0,2555.0
365,365,1.6206009547057934,7.418264661946652,0.5246661435040817,0.002,38,3403.0,2568.0
366,366,1.6254344153607594,7.406203516627591,0.5250418726808506,0.002,39,3428.0,2581.0
367,367,1.630252555402731,7.39420252652177,0.5254157279005324,0.002,39,3454.0,2594.0
368,368,1.6350550002259632,7.38226139160381,0.5257877185095271,0.002,40,3480.0,2607.0
369,369,1.6398413751369283,7.3703798133447185,0.5261578538076194,0.002,40,3506.0,2621.0
370,370,1.6446113054020042,7.358557494704415,0.5265261430482109,0.002,41,3532.0,2635.0
371,371,1.6493644162953698,7.346794140124321,0.5268925954385517,0.002,42,3559.0,2649.0
372,372,1.6541003331471038,7.335089455519959,0.527257220139971,0.002,42,3586.0,2664.0
373,373,1.6588186813914718,7.323443148273606,0.527620026268105,0.002,42,3613.0,2679.0
374,374,1.663519086615397,7.311854927226971,0.527981022893126,0.002,43,3641.0,2693.0
375,375,1.6682011746071073,7.300324502673927,0.5283402190399682,0.002,43,3669.0,2708.0
376,376,1.6728645714049462,7.2888515863532595,0.5286976236885542,0.002,44,3697.0,2723.0
377,377,1.6775089033463404,7.277435891441457,0.5290532457740187,0.002,44,3726.0,2738.0
378,378,1.6821337971169192,7.266077132545563,0.5294070941869324,0.002,45,3755.0,2753.0
379,379,1.6867388797997689,7.254775025696005,0.5297591777735242,0.002,46,3784.0,2769.0
380,380,1.69132377892482,7.243529288339525,0.5301095053359018,0.002,46,3814.0,2785.0
381,381,1.6958881225183569,7.232339639332105,0.5304580856322727,0.002,46,3844.0,2801.0
382,382,1.7004315391526377,7.221205798931937,0.5308049273771624,0.002,47,3874.0,2817.0
383,383,1.7049536579956184,7.210127488792429,0.5311500392416327,0.002,47,3905.0,2833.0
384,384,1.7094541088607738,7.199104431955253,0.5314934298534981,0.002,48,3936.0,2849.0
385,385,1.713932522256998,7.188136352843411,0.5318351077975417,0.002,49,3967.0,2866.0
386,386,1.7183885294385859,7.177222977254356,0.53217508161573,0.002,50,3999.0,2883.0
387,387,1.7228217624552784,7.16636403235313,0.5325133598074262,0.002,51,4031.0,2901.0
388,388,1.727231854202364,7.155559246665543,0.5328499508296026,0.002,51,4064.0,2919.0
389,389,1.7316184384708309,7.1448083500713935,0.5331848630970525,0.002,51,4097.0,2937.0
390,390,1.7359811499975548,7.134111073797704,0.5335181049825997,0.002,52,4130.0,2955.0
391,391,1.7403196245155144,7.12346715041201,0.5338496848173089,0.002,52,4164.0,2973.0
392,392,1.7446334988040293,7.112876313815676,0.5341796108906931,0.002,53,4198.0,2991.0
393,393,1.7489224107390051,7.102338299237231,0.5345078914509216,0.002,54,4232.0,3010.0
394,394,1.7531859993431782,7.091852843225764,0.5348345347050252,0.002,55,4267.0,3029.0
395,395,1.7574239048363502,7.081419683644329,0.5351595488191024,0.002,56,4302.0,3049.0
396,396,1.7616357686856068,7.071038559663393,0.535482941918523,0.002,56,4338.0,3069.0
397,397,1.7658212336555004,7.060709211754314,0.5358047220881313,0.002,57,4374.0,3089.0
398,398,1.7699799438582011,7.050431381682857,0.5361248973724483,0.002,58,4411.0,3109.0
399,399,1.7741115448035936,7.040204812502737,0.5364434757758727,0.002,58,4448.0,3130.0
400,400,1.778215683449317,7.030029248549192,0.5367604652628813,0.002,59,4485.0,3151.0
401,401,1.782292008250738,7.019904435432588,0.5370758737582279,0.002,60,4523.0,3172.0
402,402,1.7863401692108427,7.009830120032074,0.537389709147141,0.002,61,4562.0,3193.0
403,403,1.7903598179300442,6.999806050489241,0.5377019792755218,0.002,62,4601.0,3215.0
404,404,1.794350607655887,6.989831976201828,0.5380126919501399,0.002,62,4641.0,3237.0
405,405,1.7983121933326491,6.979907647817456,0.5383218549388281,0.002,63,4681.0,3259.0
406,406,1.8022442316508225,6.970032817227397,0.5386294759706776,0.002,65,4721.0,3282.0
407,407,1.8061463810964689,6.9602072375603745,0.5389355627362298,0.002,65,4763.0,3305.0
408,408,1.8100183020004341,6.9504306631763875,0.53924012288767,0.002,66,4805.0,3328.0
409,409,1.8138596565874203,6.940702849660566,0.5395431640390177,0.002,67,4847.0,3352.0
410,410,1.817670109024897,6.931023553817062,0.5398446937663177,0.002,68,4890.0,3376.0
411,411,1.8214493254718456,6.9213925336629805,0.5401447196078288,0.002,69,4933.0,3401.0
412,412,1.8251969741273304,6.911809548422313,0.5404432490642126,0.002,69,4977.0,3426.0
413,413,1.8289127252788748,6.902274358519927,0.540740289598721,0.002,70,5021.0,3451.0
414,414,1.8325962513506533,6.892786725575582,0.5410358486373831,0.002,73,5066.0,3476.0
415,415,1.8362472269514631,6.883346412397957,0.5413299335691899,0.002,73,5112.0,3503.0
416,416,1.8398653289224909,6.873953182978736,0.5416225517462803,0.002,74,5159.0,3529.0
417,417,1.843450236384846,6.864606802486692,0.5419137104841238,0.002,75,5206.0,3556.0
418,418,1.8470016307868629,6.855307037261822,0.5422034170617042,0.002,76,5254.0,3583.0
419,419,1.8505191959511549,6.8460536548095146,0.5424916787217008,0.002,77,5302.0,3611.0
420,420,1.854002618121413,6.836846423794729,0.5427785026706702,0.002,78,5351.0,3639.0
421,421,1.8574515860089416,6.827685114036205,0.5430638960792261,0.002,79,5401.0,3667.0
422,422,1.86086579083892,6.818569496500722,0.5433478660822185,0.002,82,5451.0,3696.0
423,423,1.864244926396372,6.809499343297372,0.5436304197789125,0.002,82,5503.0,3726.0
424,424,1.867588689071857,6.800474427671852,0.5439115642331649,0.002,83,5555.0,3756.0
425,425,1.8708967779068424,6.791494524000794,0.5441913064736019,0.002,84,5608.0,3786.0
426,426,1.8741688946387725,6.782559407786144,0.5444696534937941,0.002,86,5661.0,3817.0
427,427,1.8774047437458123,6.773668855649531,0.5447466122524313,0.002,87,5715.0,3849.0
428,428,1.88060403249126,6.764822645326687,0.545022189673497,0.002,88,5770.0,3881.0
429,429,1.8837664709676176,6.756020555661896,0.5452963926464413,0.002,89,5826.0,3913.0
430,430,1.8868917721403158,6.747262366602454,0.5455692280263524,0.002,92,5882.0,3946.0
431,431,1.8899796518910723,6.738547859193183,0.5458407026341294,0.002,93,5940.0,3980.0
432,432,1.8930298290608891,6.729876815570937,0.5461108232566514,0.002,94,5999.0,4014.0
433,433,1.8960420254926649,6.721249018959181,0.546379596646948,0.002,95,6058.0,4049.0
434,434,1.8990159660734287,6.712664253662548,0.5466470295243682,0.002,97,6118.0,4084.0
435,435,1.901951378776173,6.704122305061455,0.5469131285747476,0.002,98,6179.0,4120.0
436,436,1.90484799470128,6.695622959606748,0.5471779004505765,0.002,100,6241.0,4156.0
437,437,1.907705548117542,6.687166004814342,0.5474413517711654,0.002,101,6304.0,4193.0
438,438,1.9105237765027527,6.678751229259932,0.5477034891228112,0.002,104,6368.0,4230.0
439,439,1.913302420583873,6.670378422573688,0.5479643190589613,0.002,105,6433.0,4269.0
440,440,1.9160412243767533,6.662047375435008,0.5482238481003777,0.002,107,6499.0,4308.0
441,441,1.9187399352254104,6.653757879567277,0.5484820827352999,0.002,108,6566.0,4348.0
442,442,1.9213983038408482,6.64550972773267,0.5487390294196073,0.002,110,6634.0,4388.0
443,443,1.9240160843394107,6.63730271372696,0.5489946945769802,0.002,111,6703.0,4429.0
444,444,1.9265930342806683,6.62913663237437,0.5492490845990612,0.002,114,6773.0,4470.0
445,445,1.9291289147048165,6.621011279522438,0.5495022058456137,0.002,115,6845.0,4512.0
446,446,1.9316234901695888,6.612926452036924,0.5497540646446823,0.002,118,6917.0,4555.0
447,447,1.9340765287866717,6.604881947796718,0.5500046672927502,0.002,120,6991.0,4599.0
448,448,1.9364878022576173,6.596877565688793,0.5502540200548964,0.002,122,7066.0,4644.0
449,449,1.9388570859092384,6.58891310560318,0.550502129164953,0.002,123,7142.0,4690.0
450,450,1.9411841587284848,6.580988368427964,0.5507490008256607,0.002,125,7219.0,4736.0
451,451,1.9434688033967964,6.573103156044303,0.5509946412088239,0.002,127,7297.0,4783.0
452,452,1.9457108063239128,6.5652572713214745,0.551239056455465,0.002,130,7377.0,4830.0
453,453,1.9479099576811467,6.557450518111954,0.5514822526759777,0.002,131,7458.0,4879.0
454,454,1.9500660514341035,6.549682701246502,0.5517242359502805,0.002,135,7540.0,4928.0
455,455,1.952178885374844,6.541953626529296,0.5519650123279677,0.002,137,7624.0,4979.0
456,456,1.9542482611534864,6.534263100733062,0.5522045878284612,0.002,139,7710.0,5030.0
457,457,1.956273984309231,6.526610931594256,0.552442968441161,0.002,141,7797.0,5082.0
458,458,1.9582558643008119,6.518996927808251,0.5526801601255951,0.002,143,7885.0,5135.0
459,459,1.9601937145363642,6.511420899024558,0.5529161688115676,0.002,145,7974.0,5189.0
460,460,1.962087352402691,6.503882655842055,0.5531510003993081,0.002,149,8065.0,5243.0
461,461,1.963936599293952,6.49638200980428,0.5533846607596186,0.002,150,8158.0,5299.0
462,462,1.9657412806397248,6.488918773394685,0.5536171557340201,0.002,157,8252.0,5355.0
463,463,1.967501225932476,6.481492760031973,0.5538484911348993,0.002,160,8350.0,5414.0
464,464,1.9692162687543973,6.4741037840654245,0.5540786727456529,0.002,162,8449.0,5475.0
465,465,1.9708862468036423,6.46675166077025,0.5543077063208338,0.002,164,8550.0,5536.0
466,466,1.9725110019199148,6.459436206342993,0.5545355975862927,0.002,167,8652.0,5598.0
467,467,1.9740903801094327,6.452157237896904,0.5547623522393234,0.002,171,8756.0,5661.0
468,468,1.9756242315692547,6.444914573457396,0.5549879759488038,0.002,173,8862.0,5726.0
469,469,1.9771124107109568,6.437708031957481,0.5552124743553386,0.002,180,8969.0,5792.0
470,470,1.9785547761836644,6.430537433233244,0.5554358530713996,0.002,184,9081.0,5860.0
471,471,1.979951190896427,6.423402598019347,0.5556581176814664,0.002,186,9195.0,5930.0
472,472,1.981301522039932,6.416303347944536,0.5558792737421657,0.002,189,9310.0,6001.0
473,473,1.9826056411075568,6.409239505527188,0.5560993267824107,0.002,192,9427.0,6073.0
474,474,1.9838634239157544,6.402210894170878,0.5563182823035386,0.002,197,9546.0,6146.0
475,475,1.9850747506237518,6.395217338159952,0.5565361457794491,0.002,199,9668.0,6221.0
476,476,1.9862395057525912,6.388258662655147,0.5567529226567404,0.002,207,9791.0,6297.0
477,477,1.9873575782034687,6.381334693689218,0.5569686183548456,0.002,212,9919.0,6376.0
478,478,1.9884288612754024,6.374445258162573,0.5571832382661683,0.002,214,10050.0,6457.0
479,479,1.989453252682196,6.367590183838968,0.5573967877562178,0.002,218,10182.0,6539.0
480,480,1.990430654568724,6.360769299341188,0.5576092721637422,0.002,221,10317.0,6622.0
481,481,1.9913609735265023,6.353982434146763,0.5578206968008629,0.002,227,10453.0,6707.0
482,482,1.9922441206085737,6.347229418583714,0.5580310669532068,0.002,229,10593.0,6794.0
483,483,1.993080011343676,6.340510083826297,0.5582403878800386,0.002,238,10734.0,6882.0
484,484,1.9938685657497088,6.333824261890795,0.5584486648143924,0.002,244,10881.0,6973.0
485,485,1.99460970834649,6.327171785631307,0.5586559029632024,0.002,247,11031.0,7067.0
486,486,1.9953033681677959,6.320552488735587,0.5588621075074333,0.002,251,11183.0,7162.0
487,487,1.9959494787726868,6.313966205720866,0.5590672836022091,0.002,255,11338.0,7258.0
488,488,1.9965479782561129,6.30741277192972,0.5592714363769431,0.002,262,11495.0,7356.0
489,489,1.9970988092587991,6.300892023525968,0.5594745709354653,0.002,264,11656.0,7457.0
490,490,1.9976019189764096,6.294403797490557,0.5596766923561501,0.002,274,11819.0,7558.0
491,491,1.9980572591679808,6.287947931617503,0.5598778056920437,0.002,281,11987.0,7664.0
492,492,1.998464786163633,6.281524264509819,0.5600779159709899,0.002,285,12160.0,7772.0
493,493,1.998824460871551,6.275132635575494,0.5602770281957561,0.002,289,12335.0,7882.0
494,494,1.9991362487842312,6.26877288502347,0.5604751473441583,0.002,294,12513.0,7993.0
495,495,1.9994001199840017,6.262444853859656,0.5606722783691854,0.002,302,12694.0,8106.0
496,496,1.9996160491478057,6.2561483838829375,0.5608684261991235,0.002,304,12880.0,8222.0
497,497,1.9997840155512536,6.2498833176812445,0.5610635957376784,0.002,316,13067.0,8339.0
498,498,1.9999040030719344,6.24364949862759,0.5612577918640989,0.002,324,13261.0,8461.0
499,499,1.9999760001919988,6.2374467708761765,0.5614510194332981,0.002,328,13460.0,8586.0
500,500,2.0,6.231274979358482,0.5616432832759755,0.002,333,13661.0,8713.0
501,501,1.9999760001919988,6.225133969779402,0.5618345881987369,0.002,339,13865.0,8842.0
502,502,1.9999040030719344,6.219023588613376,0.5620249389842156,0.002,348,14073.0,8973.0
503,503,1.9997840155512536,6.212943683100555,0.5622143403911909,0.002,350,14287.0,9107.0
504,504,1.9996160491478057,6.206894101242987,0.5624027971547081,0.002,364,14502.0,9242.0
505,505,1.9994001199840017,6.2008746918008075,0.5625903139861961,0.002,373,14725.0,9383.0
506,506,1.9991362487842312,6.194885304288468,0.562776895573585,0.002,378,14954.0,9527.0
507,507,1.998824460871551,6.188925788970972,0.5629625465814247,0.002,384,15186.0,9673.0
508,508,1.998464786163633,6.182995996860124,0.5631472716509999,0.002,390,15422.0,9821.0
509,509,1.9980572591679808,6.177095779710811,0.5633310754004469,0.002,401,15661.0,9972.0
510,510,1.9976019189764096,6.171224990017297,0.5635139624248692,0.002,403,15907.0,10127.0
511,511,1.9970988092587991,6.165383481009536,0.5636959372964517,0.002,419,16154.0,10283.0
512,512,1.9965479782561129,6.159571106649497,0.5638770045645759,0.002,429,16411.0,10445.0
513,513,1.9959494787726868,6.153787721627518,0.5640571687559327,0.002,435,16674.0,10611.0
514,514,1.9953033681677959,6.148033181358672,0.5642364343746363,0.002,442,16941.0,10779.0
515,515,1.99460970834649,6.142307341979157,0.5644148059023367,0.002,448,17212.0,10950.0
516,516,1.9938685657497088,6.136610060342683,0.5645922877983313,0.002,461,17487.0,11123.0
517,517,1.993080011343676,6.130941194016915,0.5647688844996767,0.002,463,17770.0,11301.0
518,518,1.9922441206085737,6.125300601279905,0.5649446004212995,0.002,481,18054.0,11480.0
519,519,1.9913609735265023,6.119688141116535,0.5651194399561071,0.002,492,18349.0,11666.0
520,520,1.990430654568724,6.114103673215007,0.5652934074750969,0.002,499,18650.0,11857.0
521,521,1.989453252682196,6.108547057963339,0.5654665073274661,0.002,507,18956.0,12050.0
522,522,1.9884288612754024,6.103018156445858,0.5656387438407195,0.002,514,19267.0,12246.0
523,523,1.9873575782034687,6.097516830439734,0.5658101213207796,0.002,528,19582.0,12445.0
524,524,1.9862395057525912,6.092042942411534,0.5659806440520918,0.002,531,19906.0,12649.0
525,525,1.9850747506237518,6.086596355513771,0.5661503162977336,0.002,551,20232.0,12854.0
526,526,1.9838634239157544,6.081176933581491,0.5663191422995197,0.002,563,20570.0,13067.0
527,527,1.9826056411075568,6.075784541128862,0.5664871262781092,0.002,571,20915.0,13285.0
528,528,1.981301522039932,6.07041904334579,0.5666542724331102,0.002,580,21265.0,13506.0
529,529,1.979951190896427,6.065080306094555,0.5668205849431851,0.002,588,21621.0,13730.0
530,530,1.9785547761836644,6.059768195906444,0.5669860679661556,0.002,603,21982.0,13957.0
531,531,1.9771124107109568,6.0544825799784245,0.5671507256391058,0.002,606,22352.0,14190.0
532,532,1.9756242315692547,6.04922332616983,0.5673145620784861,0.002,629,22724.0,14424.0
533,533,1.9740903801094327,6.043990302999035,0.5674775813802159,0.002,642,23110.0,14667.0
534,534,1.9725110019199148,6.038783379640192,0.5676397876197864,0.002,651,23504.0,14915.0
535,535,1.9708862468036423,6.033602425919938,0.5678011848523619,0.002,661,23903.0,15167.0
536,536,1.9692162687543973,6.028447312314169,0.5679617771128818,0.002,669,24309.0,15422.0
537,537,1.967501225932476,6.0233179099447725,0.5681215684161607,0.002,686,24720.0,15680.0
538,538,1.9657412806397248,6.018214090576421,0.5682805627569898,0.002,689,25141.0,15945.0
539,539,1.963936599293952,6.013135726613367,0.5684387641102356,0.002,714,25564.0,16211.0
540,540,1.962087352402691,6.008082691096248,0.5685961764309405,0.002,729,26002.0,16487.0
541,541,1.9601937145363642,6.003054857698906,0.5687528036544206,0.002,738,26449.0,16769.0
542,542,1.9582558643008119,5.9980521007252525,0.5689086496963645,0.002,749,26902.0,17054.0
543,543,1.956273984309231,5.993074295106099,0.5690637184529315,0.002,758,27362.0,17343.0
544,544,1.9542482611534864,5.988121316396044,0.5692180138008485,0.002,776,27828.0,17635.0
545,545,1.952178885374844,5.983193040770365,0.5693715395975073,0.002,779,28305.0,17934.0
546,546,1.9500660514341035,5.978289345021912,0.5695242996810609,0.002,807,28784.0,18234.0
547,547,1.9479099576811467,5.973410106558039,0.5696762978705192,0.002,823,29280.0,18545.0
548,548,1.9457108063239128,5.9685552033975275,0.5698275379658448,0.002,832,29786.0,18862.0
549,549,1.9434688033967964,5.963724514167546,0.5699780237480482,0.002,844,30298.0,19182.0
550,550,1.9411841587284848,5.958917918100614,0.5701277589792816,0.002,853,30817.0,19507.0
551,551,1.9388570859092384,5.954135295031578,0.5702767474029337,0.002,873,31342.0,19835.0
552,552,1.9364878022576173,5.9493765253946105,0.5704249927437227,0.002,875,31880.0,20170.0
553,553,1.9340765287866717,5.944641490220226,0.5705724987077899,0.002,906,32419.0,20506.0
554,554,1.9316234901695888,5.939930071132298,0.5707192689827922,0.002,923,32977.0,20854.0
555,555,1.9291289147048165,5.935242150345101,0.570865307237994,0.002,932,33545.0,21209.0
556,556,1.9265930342806683,5.930577610660374,0.5710106171243593,0.002,944,34119.0,21567.0
557,557,1.9240160843394107,5.9259363354643835,0.5711552022746429,0.002,954,34701.0,21929.0
558,558,1.9213983038408482,5.921318208725003,0.5712990663034809,0.002,975,35290.0,22294.0
559,559,1.9187399352254104,5.916723114988828,0.5714422128074818,0.002,976,35892.0,22667.0
560,560,1.9160412243767533,5.912150939378269,0.5715846453653154,0.002,1009,36495.0,23040.0
561,561,1.913302420583873,5.9076015675887055,0.5717263675378033,0.002,1027,37118.0,23426.0
562,562,1.9105237765027527,5.903074885885602,0.5718673828680069,0.002,1036,37752.0,23819.0
563,563,1.907705548117542,5.898570781101682,0.572007694881317,0.002,1048,38392.0,24215.0
564,564,1.90484799470128,5.8940891406340885,0.5721473070855412,0.002,1058,39040.0,24615.0
565,565,1.901951378776173,5.8896298524415815,0.5722862229709921,0.002,1080,39695.0,25018.0
566,566,1.8990159660734287,5.885192805041718,0.5724244460105734,0.002,1080,40363.0,25430.0
567,567,1.8960420254926649,5.880777887508082,0.572561979659869,0.002,1115,41032.0,25841.0
568,568,1.8930298290608891,5.876384989467512,0.5726988273572271,0.002,1133,41722.0,26266.0
569,569,1.8899796518910723,5.872014001097322,0.5728349925238471,0.002,1141,42423.0,26698.0
570,570,1.8868917721403158,5.867664813122578,0.5729704785638653,0.002,1153,43130.0,27132.0
571,571,1.8837664709676176,5.8633373168133485,0.5731052888644399,0.002,1163,43845.0,27570.0
572,572,1.88060403249126,5.8590314039820095,0.5732394267958353,0.002,1185,44567.0,28011.0
573,573,1.8774047437458123,5.854746966980509,0.5733728957115067,0.002,1184,45302.0,28461.0
574,574,1.8741688946387725,5.850483898697704,0.5735056989481843,0.002,1220,46038.0,28909.0
575,575,1.8708967779068424,5.84624209255666,0.5736378398259555,0.002,1238,46795.0,29372.0
576,576,1.867588689071857,5.842021442512006,0.5737693216483494,0.002,1245,47564.0,29841.0
577,577,1.864244926396372,5.837821843047268,0.5739001477024184,0.002,1256,48338.0,30312.0
578,578,1.86086579083892,5.833643189172246,0.5740303212588205,0.002,1265,49119.0,30787.0
579,579,1.8574515860089416,5.8294853764203705,0.5741598455719015,0.002,1287,49907.0,31264.0
580,580,1.854002618121413,5.825348300846107,0.5742887238797759,0.002,1284,50708.0,31750.0
581,581,1.8505191959511549,5.821231859022354,0.5744169594044082,0.002,1321,51509.0,32233.0
582,582,1.8470016307868629,5.817135948037847,0.5745445553516931,0.002,1338,52332.0,32731.0
583,583,1.843450236384846,5.813060465494603,0.5746715149115361,0.002,1344,53166.0,33235.0
584,584,1.8398653289224909,5.8090053095053396,0.5747978412579327,0.002,1353,54005.0,33740.0
585,585,1.8362472269514631,5.804970378690952,0.574923537549048,0.002,1361,54850.0,34248.0
586,586,1.8325962513506533,5.8009555721779575,0.5750486069272961,0.002,1382,55701.0,34758.0
587,587,1.8289127252788748,5.796960789595982,0.5751730525194177,0.002,1377,56565.0,35276.0
588,588,1.8251969741273304,5.792985931075256,0.5752968774365593,0.002,1414,57428.0,35790.0
589,589,1.8214493254718456,5.789030897244108,0.5754200847743502,0.002,1429,58313.0,36319.0
590,590,1.817670109024897,5.7850955892264855,0.5755426776129803,0.002,1433,59208.0,36853.0
591,591,1.8138596565874203,5.781179908639486,0.5756646590172768,0.002,1440,60106.0,37388.0
592,592,1.8100183020004341,5.777283757590888,0.5757860320367812,0.002,1446,61010.0,37924.0
593,593,1.8061463810964689,5.773407038676712,0.5759067997058256,0.002,1466,61918.0,38462.0
594,594,1.8022442316508225,5.769549654978786,0.5760269650436076,0.002,1458,62839.0,39007.0
595,595,1.7983121933326491,5.765711510062316,0.5761465310542672,0.002,1494,63757.0,39547.0
596,596,1.794350607655887,5.761892507973478,0.5762655007269607,0.002,1507,64697.0,40101.0
597,597,1.7903598179300442,5.75809255323702,0.5763838770359363,0.002,1509,65646.0,40659.0
598,598,1.7863401692108427,5.754311550853879,0.5765016629406078,0.002,1513,66597.0,41217.0
599,599,1.782292008250738,5.750549406298793,0.5766188613856288,0.002,1516,67552.0,41775.0
600,600,1.778215683449317,5.746806025517959,0.5767354753009668,0.002,1534,68510.0,42333.0
601,601,1.7741115448035936,5.743081314926657,0.5768515076019756,0.002,1523,69479.0,42898.0
602,602,1.7699799438582011,5.739375181406933,0.5769669611894688,0.002,1557,70443.0,43457.0
603,603,1.7658212336555004,5.735687532305251,0.577081838949792,0.002,1568,71428.0,44029.0
604,604,1.7616357686856068,5.732018275430193,0.5771961437548954,0.002,1567,72421.0,44604.0
605,605,1.7574239048363502,5.7283673190501485,0.5773098784624049,0.002,1568,73415.0,45177.0
606,606,1.7531859993431782,5.724734571891018,0.5774230459156943,0.002,1567,74411.0,45749.0
607,607,1.7489224107390051,5.721119943133927,0.5775356489439556,0.002,1583,75407.0,46320.0
608,608,1.7446334988040293,5.717523342412975,0.5776476903622705,0.002,1568,76414.0,46896.0
609,609,1.7403196245155144,5.713944679812955,0.5777591729716802,0.002,1600,77414.0,47464.0
610,610,1.7359811499975548,5.710383865867112,0.577870099559256,0.002,1607,78433.0,48045.0
611,611,1.7316184384708309,5.70684081155492,0.577980472898168,0.002,1603,79458.0,48627.0
612,612,1.727231854202364,5.703315428299828,0.5780902957477557,0.002,1600,80482.0,49206.0
613,613,1.7228217624552784,5.699807627967076,0.5781995708535961,0.002,1596,81505.0,49783.0
614,614,1.7183885294385859,5.696317322861469,0.5783083009475721,0.002,1608,82527.0,50357.0
615,615,1.713932522256998,5.692844425725203,0.5784164887479422,0.002,1590,83558.0,50934.0
616,616,1.7094541088607738,5.6893888497356615,0.5785241369594069,0.002,1618,84580.0,51502.0
617,617,1.7049536579956184,5.685950508503272,0.5786312482731769,0.002,1622,85619.0,52081.0
618,618,1.7004315391526377,5.682529316069322,0.5787378253670408,0.002,1614,86662.0,52660.0
619,619,1.6958881225183569,5.679125186903822,0.5788438709054315,0.002,1607,87701.0,53235.0
620,620,1.69132377892482,5.6757380359033665,0.5789493875394929,0.002,1599,88738.0,53805.0
621,621,1.6867388797997689,5.672367778389003,0.5790543779071465,0.002,1607,89771.0,54371.0
622,622,1.6821337971169192,5.669014330104117,0.5791588446331568,0.002,1586,90810.0,54939.0
623,623,1.6775089033463404,5.66567760721233,0.5792627903291975,0.002,1610,91838.0,55497.0
624,624,1.6728645714049462,5.662357526295392,0.5793662175939164,0.002,1610,92882.0,56063.0
625,625,1.6682011746071073,5.659054004351113,0.5794691290130004,0.002,1598,93927.0,56628.0
626,626,1.663519086615397,5.655766958791263,0.5795715271592403,0.002,1587,94966.0,57187.0
627,627,1.6588186813914718,5.652496307439541,0.5796734145925954,0.002,1575,96000.0,57740.0
628,628,1.6541003331471038,5.649241968529488,0.5797747938602565,0.002,1579,97028.0,58287.0
629,629,1.6493644162953698,5.646003860702463,0.5798756674967108,0.002,1555,98060.0,58834.0
630,630,1.6446113054020042,5.642781903005602,0.5799760380238044,0.002,1574,99079.0,59370.0
631,631,1.6398413751369283,5.639576014889793,0.5800759079508055,0.002,1570,100111.0,59912.0
632,632,1.6350550002259632,5.636386116207671,0.5801752797744678,0.002,1554,101142.0,60451.0
633,633,1.630252555402731,5.633212127211598,0.5802741559790919,0.002,1540,102164.0,60983.0
634,634,1.6254344153607594,5.630053968551684,0.5803725390365881,0.002,1524,103180.0,61507.0
635,635,1.6206009547057934,5.626911561273799,0.580470431406538,0.002,1524,104188.0,62023.0
636,636,1.615752547908323,5.623784826817597,0.5805678355362558,0.002,1497,105197.0,62538.0
637,637,1.6108895692563356,5.620673687014557,0.5806647538608499,0.002,1511,106191.0,63041.0
638,638,1.6060123928083017,5.6175780640860165,0.5807611888032835,0.002,1503,107194.0,63549.0
639,639,1.6011213923464036,5.614497880641244,0.5808571427744352,0.002,1484,108194.0,64052.0
640,640,1.5962169413300058,5.611433059675493,0.5809526181731592,0.002,1466,109184.0,64546.0
641,641,1.5912994128493911,5.60838352456808,0.5810476173863455,0.002,1447,110165.0,65031.0
642,642,1.5863691795797543,5.605349199080467,0.5811421427889794,0.002,1443,111136.0,65507.0
643,643,1.5814266137354709,5.602330007354361,0.5812361967442008,0.002,1414,112106.0,65980.0
644,644,1.5764720870246431,5.599325873909808,0.5813297816033635,0.002,1423,113060.0,66440.0
645,645,1.5715059706039365,5.596336723643321,0.5814228997060938,0.002,1411,114020.0,66903.0
646,646,1.5665286350337049,5.593362481825981,0.5815155533803493,0.002,1390,114974.0,67360.0
647,647,1.5615404502334231,5.590403074101593,0.5816077449424766,0.002,1369,115917.0,67807.0
648,648,1.5565417854374242,5.587458426484806,0.5816994766972695,0.002,1347,116849.0,68244.0
649,649,1.5515330091509538,5.584528465359278,0.5817907509380267,0.002,1340,117769.0,68671.0
650,650,1.5465144891065463,5.58161311747583,0.5818815699466089,0.002,1309,118686.0,69094.0
651,651,1.5414865922207333,5.57871230995061,0.5819719359934961,0.002,1314,119586.0,69503.0
652,652,1.536449684551081,5.575825970263281,0.5820618513378442,0.002,1299,120490.0,69913.0
653,653,1.5314041312535829,5.572954026255199,0.5821513182275414,0.002,1276,121386.0,70316.0
654,654,1.5263502965403861,5.570096406127615,0.5822403388992647,0.002,1253,122269.0,70709.0
655,655,1.5212885436378871,5.567253038439876,0.5823289155785356,0.002,1229,123140.0,71091.0
656,656,1.516219234745183,5.564423852107644,0.5824170504797755,0.002,1219,123998.0,71462.0
657,657,1.5111427309928904,5.561608776401111,0.5825047458063617,0.002,1187,124851.0,71828.0
658,658,1.5060593924023409,5.558807740943237,0.5825920037506818,0.002,1188,125686.0,72180.0
659,659,1.5009695778451566,5.556020675707995,0.5826788264941889,0.002,1171,126522.0,72532.0
660,660,1.4958736450032104,5.5532475110186,0.5827652162074564,0.002,1147,127349.0,72876.0
661,661,1.4907719503289785,5.550488177545798,0.5828511750502312,0.002,1123,128163.0,73209.0
662,662,1.4856648490062914,5.547742606306106,0.5829367051714893,0.002,1098,128964.0,73531.0
663,663,1.4805526949114869,5.5450107286601,0.5830218087094878,0.002,1086,129751.0,73842.0
664,664,1.4754358405749721,5.542292476310696,0.58310648779182,0.002,1054,130532.0,74147.0
665,665,1.4703146371431948,5.539587781301445,0.5831907445354669,0.002,1052,131295.0,74438.0
666,666,1.4651894343410423,5.536896576014828,0.5832745810468518,0.002,1034,132057.0,74728.0
667,667,1.460060580434655,5.534218793170578,0.5833579994218917,0.002,1009,132810.0,75009.0
668,668,1.4549284221946737,5.531554365823982,0.5834410017460504,0.002,985,133549.0,75279.0
669,669,1.4497933048599183,5.5289032273642125,0.5835235900943904,0.002,960,134274.0,75539.0
670,670,1.4446555721015046,5.526265311512676,0.5836057665316244,0.002,947,134985.0,75788.0
671,671,1.4395155659874062,5.5236405523213365,0.5836875331121679,0.002,916,135689.0,76031.0
672,672,1.4343736269474583,5.521028884171081,0.5837688918801898,0.002,912,136376.0,76260.0
673,673,1.429230093738817,5.518430241770061,0.5838498448696631,0.002,893,137061.0,76487.0
674,674,1.4240853034118732,5.5158445601520905,0.5839303941044169,0.002,869,137735.0,76706.0
675,675,1.4189395912766238,5.51327177467499,0.5840105415981867,0.002,846,138396.0,76914.0
676,676,1.4137932908695103,5.51071182101899,0.5840902893546635,0.002,822,139044.0,77112.0
677,677,1.408646733920718,5.508164635185115,0.5841696393675455,0.002,808,139678.0,77300.0
678,678,1.4035002503219542,5.505630153493586,0.5842485936205872,0.002,779,140305.0,77481.0
679,679,1.3983541680946934,5.5031083125822295,0.5843271540876489,0.002,773,140915.0,77650.0
680,680,1.3932088133589051,5.500599049404892,0.5844053227327468,0.002,755,141522.0,77816.0
681,681,1.3880645103022586,5.498102301229861,0.5844831015101006,0.002,732,142119.0,77974.0
682,682,1.3829215811498181,5.4956180056383035,0.5845604923641841,0.002,688,142703.0,78122.0
683,683,1.3777803461342155,5.493146100522702,0.5846374972297724,0.002,674,143261.0,78252.0
684,684,1.3726411234663245,5.490686524085296,0.5847141180319914,0.002,648,143812.0,78375.0
685,685,1.367504229306416,5.488239214836551,0.584790356686365,0.002,641,144348.0,78487.0
686,686,1.362369977735821,5.485804111593605,0.5848662150988636,0.002,624,144880.0,78596.0
687,687,1.3572386807290802,5.483381153478752,0.5849416951659515,0.002,603,145402.0,78698.0
688,688,1.3521106481266016,5.480970279917911,0.5850167987746343,0.002,566,145912.0,78791.0
689,689,1.3469861876078189,5.47857143063912,0.5850915278025061,0.002,552,146401.0,78868.0
690,690,1.3418656046648525,5.4761845456710185,0.5851658841177964,0.002,530,146882.0,78939.0
691,691,1.3367492025766805,5.473809565341361,0.585239869579417,0.002,522,147350.0,79001.0
692,692,1.3316372823838174,5.471446430275517,0.5853134860370084,0.002,507,147813.0,79060.0
693,693,1.3265301428635017,5.469095081394981,0.5853867353309857,0.002,488,148268.0,79112.0
694,694,1.3214280805053975,5.4667554599159125,0.5854596192925853,0.002,457,148712.0,79156.0
695,695,1.316331389487811,5.4644275073476525,0.5855321397439098,0.002,445,149138.0,79187.0
696,696,1.3112403616544177,5.462111165491266,0.5856042984979745,0.002,426,149557.0,79213.0
697,697,1.306155286491511,5.459806376438085,0.5856760973587518,0.002,418,149965.0,79231.0
698,698,1.3010764511057653,5.457513082568262,0.5857475381212169,0.002,405,150368.0,79246.0
699,699,1.2960041402025182,5.4552312265493335,0.5858186225713929,0.002,388,150764.0,79255.0
700,700,1.2909386360645727,5.4529607513347775,0.5858893524863945,0.002,363,151150.0,79257.0
701,701,1.2858802185315201,5.4507016001625965,0.5859597296344733,0.002,352,151521.0,79249.0
702,702,1.280829164979581,5.448453716553893,0.5860297557750618,0.002,337,151886.0,79236.0
703,703,1.2757857503019734,5.446217044311463,0.5860994326588169,0.002,329,152242.0,79217.0
704,704,1.2707502468897949,5.44399152751838,0.5861687620276647,0.002,318,152593.0,79195.0
705,705,1.265722924613434,5.441777110536608,0.5862377456148427,0.002,304,152938.0,79168.0
706,706,1.260704050804501,5.439573738005612,0.5863063851449442,0.002,284,153275.0,79135.0
707,707,1.2556938902382817,5.437381354840958,0.5863746823339612,0.002,275,153600.0,79094.0
708,708,1.2506927051167105,5.435199906232957,0.5864426388893269,0.002,262,153919.0,79050.0
709,709,1.2457007550518722,5.4330293376452765,0.5865102565099587,0.002,256,154231.0,79000.0
710,710,1.2407182970500192,5.430869594813592,0.5865775368863007,0.002,246,154539.0,78948.0
711,711,1.2357455854961148,5.428720623744218,0.5866444817003656,0.002,235,154841.0,78892.0
712,712,1.2307828721388947,5.426582370712769,0.5867110926257776,0.002,219,155137.0,78831.0
713,713,1.2258304060764504,5.424454782262804,0.5867773713278129,0.002,212,155423.0,78764.0
714,714,1.2208884337423318,5.422337805204501,0.586843319463443,0.002,202,155705.0,78694.0
715,715,1.2159571988921687,5.420231386613327,0.5869089386813743,0.002,197,155981.0,78620.0
716,716,1.2110369425908103,5.4181354738287055,0.5869742306220909,0.002,189,156254.0,78544.0
717,717,1.2061279031999808,5.416050014452707,0.5870391969178945,0.002,180,156522.0,78465.0
718,718,1.2012303163664522,5.4139749563487385,0.5871038391929461,0.002,168,156785.0,78382.0
719,719,1.1963444150107294,5.411910247640241,0.5871681590633058,0.002,162,157040.0,78295.0
720,720,1.1914704293162504,5.409855836709387,0.5872321581369737,0.002,154,157292.0,78205.0
721,721,1.186608586719096,5.407811672195799,0.58729583801393,0.002,150,157539.0,78112.0
722,722,1.1817591118982105,5.405777702995256,0.5873592002861752,0.002,144,157783.0,78018.0
723,723,1.1769222267661303,5.403753878258422,0.5874222465377691,0.002,137,158024.0,77921.0
724,724,1.1720981504602204,5.401740147389573,0.5874849783448711,0.002,128,158260.0,77822.0
725,725,1.1672870993344118,5.3997364600453315,0.5875473972757801,0.002,123,158491.0,77719.0
726,726,1.162489286951444,5.397742766133415,0.5876095048909724,0.002,117,158719.0,77614.0
727,727,1.1577049240756092,5.395759015811362,0.5876713027431417,0.002,114,158943.0,77507.0
728,728,1.1529342186659908,5.39378515948532,0.5877327923772374,0.002,109,159165.0,77399.0
729,729,1.1481773758702003,5.391821147808773,0.5877939753305036,0.002,104,159384.0,77289.0
730,730,1.1434345980186094,5.38986693168133,0.5878548531325174,0.002,98,159600.0,77177.0
731,731,1.138706084619068,5.3879224622474835,0.5879154273052268,0.002,94,159812.0,77063.0
732,732,1.1339920323521162,5.385987690895399,0.5879756993629895,0.002,89,160021.0,76948.0
733,733,1.129292635066678,5.384062569255692,0.5880356708126101,0.002,87,160227.0,76831.0
734,734,1.1246080837762409,5.382147049200215,0.5880953431533779,0.002,83,160432.0,76713.0
735,735,1.1199385666555164,5.3802410828408735,0.5881547178771043,0.002,80,160634.0,76594.0
736,736,1.1152842690375702,5.378344622528409,0.5882137964681609,0.002,75,160834.0,76474.0
737,737,1.1106453734114388,5.376457620851211,0.5882725804035152,0.002,72,161031.0,76352.0
738,738,1.1060220594202086,5.374580030634142,0.5883310711527687,0.002,69,161226.0,76229.0
739,739,1.1014145038595646,5.372711804937349,0.5883892701781934,0.002,67,161419.0,76105.0
740,740,1.096822880676807,5.370852897055091,0.5884471789347678,0.002,64,161611.0,75980.0
741,741,1.0922473609703254,5.369003260514575,0.5885047988702139,0.002,62,161801.0,75854.0
742,742,1.087688112989533,5.367162849074791,0.588562131425033,0.002,59,161989.0,75728.0
743,743,1.0831453021352566,5.365331616725356,0.588619178032542,0.002,57,162175.0,75601.0
744,744,1.0786190909605742,5.363509517685367,0.5886759401189091,0.002,54,162360.0,75473.0
745,745,1.0741096391721037,5.361696506402253,0.5887324191031893,0.002,53,162543.0,75344.0
746,746,1.069617103631732,5.359892537550636,0.5887886163973604,0.002,51,162725.0,75215.0
747,747,1.0651416383587875,5.358097566031207,0.5888445334063573,0.002,49,162905.0,75086.0
748,748,1.0606833945326457,5.356311546969575,0.5889001715281085,0.002,47,163084.0,74956.0
749,749,1.0562425204957662,5.354534435715176,0.5889555321535697,0.002,46,163262.0,74825.0
750,750,1.0518191617571635,5.352766187840137,0.5890106166667595,0.002,44,163439.0,74694.0
751,751,1.0474134609962955,5.3510067591381665,0.5890654264447936,0.002,43,163614.0,74563.0
752,752,1.0430255580673748,5.349256105623455,0.5891199628579193,0.002,42,163788.0,74432.0
753,753,1.038655590004097,5.347514183529576,0.5891742272695498,0.002,40,163962.0,74300.0
754,754,1.0343036910247785,5.3457809493083825,0.5892282210362982,0.002,39,164134.0,74168.0
755,755,1.029969992537902,5.344056359628934,0.5892819455080116,0.002,38,164305.0,74036.0
756,756,1.0256546231480672,5.342340371376395,0.5893354020278043,0.002,37,164475.0,73904.0
757,757,1.0213577086623369,5.34063294165097,0.5893885919320924,0.002,36,164645.0,73771.0
758,758,1.0170793720969795,5.338934027766828,0.5894415165506259,0.002,35,164814.0,73638.0
759,759,1.012819733684602,5.3372435872510335,0.5894941772065234,0.002,34,164982.0,73505.0
760,760,1.0085789108816634,5.335561577842483,0.5895465752163038,0.002,33,165149.0,73372.0
761,761,1.004357018376375,5.333887957490859,0.5895987118899203,0.002,33,165315.0,73239.0
762,762,1.0001541680969723,5.33222268435556,0.5896505885307922,0.002,32,165481.0,73106.0
763,763,0.9959704692203599,5.330565716804673,0.5897022064358384,0.002,31,165646.0,72973.0
764,764,0.9918060281811218,5.328917013413924,0.5897535668955091,0.002,30,165810.0,72840.0
765,765,0.9876609486808936,5.327276532965642,0.5898046711938185,0.002,30,165973.0,72707.0
766,766,0.9835353316980928,5.325644234447728,0.5898555206083768,0.002,29,166136.0,72574.0
767,767,0.9794292754980009,5.324020077052637,0.5899061164104219,0.002,29,166298.0,72441.0
768,768,0.9753428756431882,5.3224040201763465,0.5899564598648516,0.002,28,166460.0,72308.0
769,769,0.97127622500429,5.320796023417357,0.5900065522302548,0.002,28,166621.0,72175.0
770,770,0.9672294137711106,5.319196046575659,0.5900563947589432,0.002,27,166782.0,72042.0
771,771,0.9632025294640648,5.317604049651748,0.5901059886969827,0.002,27,166942.0,71909.0
772,772,0.9591956569459448,5.3160199928456215,0.5901553352842244,0.002,26,167102.0,71776.0
773,773,0.9552088784340108,5.3144438365557765,0.5902044357543353,0.002,26,167261.0,71643.0
774,774,0.9512422735123977,5.3128755413782205,0.5902532913348301,0.002,26,167420.0,71510.0
775,775,0.947295919144831,5.311315068105496,0.5903019032471004,0.002,26,167578.0,71378.0
776,776,0.943369889687656,5.309762377725688,0.5903502727064469,0.002,25,167736.0,71246.0
777,777,0.9394642569031614,5.3082174314214585,0.5903984009221085,0.002,25,167893.0,71114.0
778,778,0.9355790899732056,5.3066801905690655,0.5904462890972929,0.002,24,168050.0,70982.0
779,779,0.9317144555131296,5.305150616737411,0.5904939384292073,0.002,24,168206.0,70850.0
780,780,0.9278704175859576,5.303628671687067,0.5905413501090873,0.002,24,168362.0,70718.0
781,781,0.92404703771688,5.3021143173693295,0.5905885253222274,0.002,24,168518.0,70586.0
782,782,0.9202443749080093,5.300607515925259,0.5906354652480102,0.002,23,168673.0,70455.0
783,783,0.9164624856534066,5.299108229684747,0.5906821710599367,0.002,23,168827.0,70324.0
784,784,0.912701423954376,5.2976164211655545,0.5907286439256543,0.002,23,168981.0,70193.0
785,785,0.9089612413350154,5.296132053072392,0.5907748850069872,0.002,23,169135.0,70062.0
786,786,0.9052419868580219,5.294655088295978,0.5908208954599646,0.002,23,169289.0,69931.0
787,787,0.9015437071407484,5.293185489912121,0.5908666764348507,0.002,23,169442.0,69801.0
788,788,0.8978664463715013,5.2917232211807805,0.5909122290761718,0.002,22,169595.0,69671.0
789,789,0.8942102463260796,5.290268245545164,0.5909575545227466,0.002,22,169747.0,69541.0
790,790,0.8905751463845435,5.288820526630804,0.5910026539077133,0.002,22,169899.0,69411.0
791,791,0.8869611835482141,5.2873800282446535,0.5910475283585592,0.002,22,170051.0,69281.0
792,792,0.8833683924568921,5.285946714374175,0.5910921789971478,0.002,22,170203.0,69151.0
793,793,0.879796805406297,5.284520549186449,0.5911366069397475,0.002,22,170354.0,69022.0
794,794,0.8762464523657154,5.283101497027271,0.591180813297059,0.002,21,170505.0,68893.0
795,795,0.8727173609958563,5.281689522420267,0.5912247991742434,0.002,21,170655.0,68764.0
796,796,0.8692095566669085,5.2802845900659925,0.5912685656709503,0.002,21,170805.0,68635.0
797,797,0.8657230624767915,5.278886664841067,0.5913121138813442,0.002,21,170955.0,68506.0
798,798,0.8622578992696,5.27749571179729,0.5913554448941326,0.002,21,171104.0,68378.0
799,799,0.8588140856542288,5.276111696160759,0.591398559792593,0.002,21,171253.0,68250.0
800,800,0.8553916380231826,5.2747345833310115,0.5914414596546004,0.002,20,171402.0,68122.0
801,801,0.8519905705715567,5.273364338880159,0.5914841455526534,0.002,20,171550.0,67994.0
802,802,0.8486108953161875,5.272000928552017,0.5915266185539017,0.002,20,171698.0,67866.0
803,803,0.8452526221149679,5.270644318261253,0.5915688797201724,0.002,20,171846.0,67738.0
804,804,0.8419157586863208,5.269294474092543,0.591610930107997,0.002,20,171993.0,67611.0
805,805,0.8386003106288253,5.26795136229971,0.5916527707686374,0.002,20,172140.0,67484.0
806,806,0.8353062814409921,5.266614949304892,0.5916944027481122,0.002,20,172287.0,67357.0
807,807,0.8320336725411809,5.265285201697692,0.5917358270872233,0.002,20,172434.0,67230.0
808,808,0.8287824832876565,5.2639620862343515,0.591777044821581,0.002,20,172580.0,67104.0
809,809,0.8255527109987768,5.2626455698369154,0.591818056981631,0.002,20,172726.0,66978.0
810,810,0.8223443509733079,5.261335619592403,0.5918588645926794,0.002,19,172872.0,66852.0
811,811,0.8191573965108634,5.260032202751993,0.5918994686749186,0.002,19,173017.0,66726.0
812,812,0.8159918389324574,5.258735286730193,0.5919398702434528,0.002,19,173162.0,66600.0
813,813,0.8128476676011733,5.25744483910404,0.5919800703083232,0.002,19,173306.0,66475.0
814,814,0.8097248699429376,5.256160827612272,0.5920200698745337,0.002,19,173450.0,66350.0
815,815,0.8066234314673959,5.254883220154537,0.5920598699420754,0.002,19,173594.0,66225.0
816,816,0.8035433357888866,5.253611984790579,0.5920994715059521,0.002,19,173738.0,66100.0
817,817,0.8004845646475056,5.252347089739452,0.592138875556205,0.002,19,173881.0,65976.0
818,818,0.7974470979302593,5.2510885033787105,0.5921780830779373,0.002,19,174024.0,65852.0
819,819,0.7944309136922989,5.24983619424363,0.5922170950513392,0.002,19,174167.0,65728.0
820,820,0.7914359881782322,5.248590131026419,0.592255912451712,0.002,19,174310.0,65604.0
821,821,0.7884622958435081,5.2473502825754315,0.5922945362494928,0.002,19,174452.0,65481.0
822,822,0.7855098093758688,5.24611661789439,0.5923329674102785,0.002,19,174594.0,65358.0
823,823,0.7825784997168636,5.244889106141615,0.5923712068948501,0.002,19,174736.0,65235.0
824,824,0.7796683360834229,5.243667716629249,0.5924092556591968,0.002,18,174878.0,65112.0
825,825,0.7767792859894839,5.242452418822488,0.5924471146545396,0.002,18,175019.0,64989.0
826,826,0.7739113152676654,5.2412431823388275,0.5924847848273553,0.002,18,175160.0,64866.0
827,827,0.7710643880909873,5.240039976947288,0.5925222671194004,0.002,18,175300.0,64744.0
828,828,0.7682384669946283,5.238842772567676,0.5925595624677339,0.002,18,175440.0,64622.0
829,829,0.7654335128977201,5.237651539269816,0.5925966718047416,0.002,18,175580.0,64500.0
830,830,0.7626494851251701,5.2364662472728165,0.5926335960581589,0.002,18,175720.0,64378.0
831,831,0.7598863414295116,5.235286866944317,0.592670336151094,0.002,18,175859.0,64257.0
832,832,0.7571440380127751,5.234113368799743,0.592706893002051,0.002,18,175998.0,64136.0
833,833,0.754422529548375,5.232945723501582,0.5927432675249533,0.002,18,176137.0,64015.0
834,834,0.7517217692030117,5.231783901858643,0.5927794606291658,0.002,18,176276.0,63894.0
835,835,0.7490417086585799,5.230627874825322,0.5928154732195178,0.002,18,176414.0,63774.0
836,836,0.7463822981340819,5.229477613500883,0.5928513061963262,0.002,18,176552.0,63654.0
837,837,0.7437434864075401,5.228333089128733,0.5928869604554171,0.002,18,176690.0,63534.0
838,838,0.7411252208379064,5.227194273095705,0.5929224368881489,0.002,18,176828.0,63414.0
839,839,0.7385274473869623,5.226061136931336,0.5929577363814345,0.002,18,176966.0,63294.0
840,840,0.7359501106412055,5.224933652307166,0.5929928598177627,0.002,18,177103.0,63175.0
841,841,0.7333931538337222,5.2238117910360184,0.5930278080752214,0.002,17,177240.0,63056.0
842,842,0.7308565188660363,5.222695525071303,0.5930625820275188,0.002,17,177376.0,62937.0
843,843,0.7283401463299366,5.221584826506314,0.5930971825440057,0.002,17,177512.0,62818.0
844,844,0.7258439755292729,5.220479667573526,0.5931316104896965,0.002,17,177648.0,62699.0
845,845,0.7233679445017217,5.219380020643913,0.5931658667252919,0.002,17,177783.0,62581.0
846,846,0.7209119900405152,5.218285858226242,0.5931999521071996,0.002,17,177918.0,62463.0
847,847,0.7184760477161304,5.2171971529663965,0.5932338674875557,0.002,17,178053.0,62345.0
848,848,0.7160600518979343,5.216113877646683,0.5932676137142465,0.002,17,178188.0,62227.0
849,849,0.7136639357757828,5.215036005185173,0.5933011916309296,0.002,17,178323.0,62109.0
850,850,0.7112876313815675,5.213963508634988,0.5933346020770546,0.002,17,178457.0,61992.0
851,851,0.7089310696107096,5.212896361183665,0.5933678458878844,0.002,17,178591.0,61875.0
852,852,0.7065941802435947,5.21183453615246,0.5934009238945158,0.002,17,178725.0,61758.0
853,853,0.7042768919669462,5.2107780069956915,0.5934338369239011,0.002,17,178859.0,61641.0
854,854,0.7019791323951355,5.209726747300074,0.5934665857988674,0.002,17,178992.0,61525.0
855,855,0.6997008280914228,5.2086807307840655,0.5934991713381383,0.002,17,179125.0,61409.0
856,856,0.6974419045891262,5.2076399312971935,0.5935315943563542,0.002,17,179258.0,61293.0
857,857,0.6952022864127181,5.206604322819418,0.593563855664092,0.002,17,179391.0,61177.0
858,858,0.6929818970988411,5.2055738794604745,0.5935959560678862,0.002,17,179523.0,61062.0
859,859,0.6907806592172455,5.2045485754592224,0.5936278963702486,0.002,17,179655.0,60947.0
860,860,0.6885984943916419,5.203528385183014,0.5936596773696884,0.002,17,179787.0,60832.0
861,861,0.6864353233204654,5.202513283127034,0.5936912998607322,0.002,17,179919.0,60717.0
862,862,0.6842910657975527,5.201503243913678,0.5937227646339439,0.002,17,180051.0,60602.0
863,863,0.6821656407327235,5.200498242291918,0.5937540724759446,0.002,17,180182.0,60488.0
864,864,0.6800589661722672,5.1994982531366585,0.5937852241694318,0.002,16,180313.0,60374.0
865,865,0.6779709593193322,5.1985032514481135,0.5938162204931995,0.002,16,180443.0,60260.0
866,866,0.6759015365542114,5.197513212351196,0.5938470622221576,0.002,16,180573.0,60146.0
867,867,0.6738506134545259,5.196528111094874,0.5938777501273507,0.002,16,180703.0,60032.0
868,868,0.6718181048153009,5.195547923051566,0.5939082849759781,0.002,16,180833.0,59918.0
869,869,0.6698039246689323,5.194572623716518,0.5939386675314127,0.002,16,180962.0,59805.0
870,870,0.6678079863050422,5.1936021887072,0.5939688985532199,0.002,16,181091.0,59692.0
871,871,0.6658302022902193,5.1926365937626775,0.5939989787971767,0.002,16,181220.0,59579.0
872,872,0.6638704844876426,5.1916758147430375,0.5940289090152909,0.002,16,181349.0,59466.0
873,873,0.6619287440765875,5.190719827628746,0.5940586899558196,0.002,16,181477.0,59354.0
874,874,0.6600048915718078,5.18976860852008,0.5940883223632876,0.002,16,181605.0,59242.0
875,875,0.6580988368427965,5.18882213363651,0.5941178069785069,0.002,16,181733.0,59130.0
876,876,0.6562104891329197,5.187880379316116,0.5941471445385942,0.002,16,181861.0,59018.0
877,877,0.6543397570784218,5.18694332201499,0.5941763357769902,0.002,16,181989.0,58906.0
878,878,0.6524865487273024,5.186010938306652,0.5942053814234773,0.002,16,182116.0,58795.0
879,879,0.6506507715580585,5.185083204881458,0.5942342822041982,0.002,16,182243.0,58684.0
880,880,0.6488323324982949,5.1841600985460286,0.5942630388416739,0.002,16,182370.0,58573.0
881,881,0.6470311379431967,5.183241596222652,0.5942916520548218,0.002,16,182497.0,58462.0
882,882,0.6452470937738652,5.1823276749487235,0.5943201225589738,0.002,16,182623.0,58352.0
883,883,0.6434801053755126,5.181418311876167,0.5943484510658941,0.002,16,182749.0,58242.0
884,884,0.6417300776555164,5.180513484270857,0.5943766382837964,0.002,16,182875.0,58132.0
885,885,0.6399969150613288,5.179613169512054,0.594404684917363,0.002,16,183001.0,58022.0
886,886,0.6382805215982431,5.178717345091845,0.5944325916677611,0.002,16,183127.0,57912.0
887,887,0.6365808008470119,5.17782598861457,0.5944603592326609,0.002,16,183252.0,57803.0
888,888,0.6348976559813172,5.176939077796273,0.5944879883062532,0.002,16,183377.0,57694.0
889,889,0.6332309897850918,5.176056590464136,0.5945154795792659,0.002,16,183502.0,57585.0
890,890,0.6315807046696886,5.175178504555932,0.5945428337389825,0.002,16,183627.0,57476.0
891,891,0.6299467026908973,5.174304798119464,0.5945700514692583,0.002,16,183751.0,57368.0
892,892,0.6283288855658073,5.173435449312028,0.594597133450538,0.002,16,183875.0,57260.0
893,893,0.6267271546895163,5.172570436399859,0.5946240803598727,0.002,16,183999.0,57152.0
894,894,0.6251414111516798,5.171709737757586,0.5946508928709362,0.002,16,184123.0,57044.0
895,895,0.6235715557529056,5.1708533318677015,0.594677571654043,0.002,16,184247.0,56936.0
896,896,0.6220174890209883,5.170001197320012,0.5947041173761639,0.002,16,184370.0,56829.0
897,897,0.620479111226983,5.169153312811108,0.5947305307009434,0.002,15,184493.0,56722.0
898,898,0.6189563224011192,5.168309657143836,0.594756812288716,0.002,15,184615.0,56615.0
899,899,0.6174490223485518,5.167470209226759,0.5947829627965227,0.002,15,184737.0,56508.0
900,900,0.6159571106649495,5.166634948073635,0.5948089828781276,0.002,15,184859.0,56401.0
901,901,0.6144804867519189,5.165803852802892,0.5948348731840339,0.002,15,184981.0,56294.0
902,902,0.6130190498322641,5.164976902637104,0.5948606343615012,0.002,15,185103.0,56187.0
903,903,0.6115726989650797,5.164154076902474,0.5948862670545596,0.002,15,185224.0,56081.0
904,904,0.6101413330606792,5.163335355028316,0.594911771904028,0.002,15,185345.0,55975.0
905,905,0.6087248508953547,5.162520716546542,0.5949371495475291,0.002,15,185466.0,55869.0
906,906,0.6073231511259691,5.161710141091146,0.5949624006195051,0.002,15,185587.0,55763.0
907,907,0.6059361323043805,5.1609036083977005,0.5949875257512343,0.002,15,185707.0,55658.0
908,908,0.6045636928916964,5.160101098302843,0.595012525570846,0.002,15,185827.0,55553.0
909,909,0.6032057312723599,5.159302590743784,0.5950374007033374,0.002,15,185947.0,55448.0
910,910,0.6018621457680642,5.158508065757791,0.595062151770588,0.002,15,186067.0,55343.0
911,911,0.6005328346514976,5.157717503481695,0.5950867793913756,0.002,15,186187.0,55238.0
912,912,0.5992176961599178,5.156930884151402,0.5951112841813921,0.002,15,186306.0,55134.0
913,913,0.5979166285085533,5.156148188101387,0.5951356667532584,0.002,15,186425.0,55030.0
914,914,0.5966295299038354,5.155369395764206,0.5951599277165402,0.002,15,186544.0,54926.0
915,915,0.5953562985564568,5.154594487670011,0.5951840676777629,0.002,15,186663.0,54822.0
916,916,0.5940968326942582,5.1538234444460596,0.5952080872404267,0.002,15,186782.0,54718.0
917,917,0.5928510305749431,5.1530562468162335,0.5952319870050219,0.002,15,186900.0,54615.0
918,918,0.5916187904986204,5.152292875600547,0.5952557675690439,0.002,15,187018.0,54512.0
919,919,0.5904000108201729,5.151533311714681,0.5952794295270081,0.002,15,187136.0,54409.0
920,920,0.5891945899614548,5.150777536169503,0.5953029734704646,0.002,15,187254.0,54306.0
921,921,0.5880024264233157,5.150025530070582,0.5953263999880131,0.002,15,187372.0,54203.0
922,922,0.5868234187974518,5.149277274617726,0.595349709665318,0.002,15,187489.0,54101.0
923,923,0.5856574657780853,5.148532751104511,0.5953729030851223,0.002,15,187606.0,53999.0
924,924,0.5845044661734698,5.147791940917808,0.5953959808272626,0.002,15,187723.0,53897.0
925,925,0.5833643189172246,5.147054825537327,0.595418943468684,0.002,15,187840.0,53795.0
926,926,0.5822369230794959,5.146321386535144,0.5954417915834535,0.002,15,187957.0,53693.0
927,927,0.5811221778779463,5.145591605575245,0.5954645257427751,0.002,15,188073.0,53592.0
928,928,0.5800199826885721,5.1448654644130665,0.595487146515004,0.002,15,188189.0,53491.0
929,929,0.5789302370563494,5.1441429448950435,0.5955096544656608,0.002,15,188305.0,53390.0
930,930,0.5778528407057081,5.143424028958153,0.5955320501574454,0.002,15,188421.0,53289.0
931,931,0.576787693550836,5.142708698629455,0.5955543341502512,0.002,15,188537.0,53188.0
932,932,0.5757346957058116,5.141996936025655,0.5955765070011791,0.002,15,188652.0,53088.0
933,933,0.574693747494566,5.141288723352652,0.5955985692645518,0.002,15,188767.0,52988.0
934,934,0.573664749460677,5.140584042905091,0.5956205214919268,0.002,15,188882.0,52888.0
935,935,0.5726476023769913,5.139882877065925,0.595642364232111,0.002,15,188997.0,52788.0
936,936,0.5716422072550802,5.139185208305972,0.5956640980311741,0.002,15,189112.0,52688.0
937,937,0.5706484653545253,5.1384910191834745,0.5956857234324621,0.002,15,189226.0,52589.0
938,938,0.5696662781920373,5.1378002923436705,0.5957072409766112,0.002,15,189340.0,52490.0
939,939,0.5686955475504072,5.137113010518352,0.5957286512015612,0.002,15,189454.0,52391.0
940,940,0.5677361754872914,5.1364291565254385,0.5957499546425687,0.002,15,189568.0,52292.0
941,941,0.56678806434383,5.1357487132685415,0.5957711518322211,0.002,15,189682.0,52193.0
942,942,0.5658511167531011,5.1350716637365466,0.5957922433004488,0.002,15,189795.0,52095.0
943,943,0.5649252356484088,5.134397991003183,0.5958132295745399,0.002,15,189908.0,51997.0
944,944,0.5640103242714096,5.1337276782265935,0.5958341111791523,0.002,15,190021.0,51899.0
945,945,0.5631062861800734,5.133060708648924,0.5958548886363273,0.002,15,190134.0,51801.0
946,946,0.5622130252564838,5.132397065595901,0.5958755624655022,0.002,15,190247.0,51703.0
947,947,0.5613304457144759,5.131736732476414,0.595896133183524,0.002,15,190359.0,51606.0
948,948,0.5604584521071141,5.131079692782099,0.5959166013046616,0.002,15,190471.0,51509.0
949,949,0.55959694933401,5.130425930086932,0.5959369673406192,0.002,15,190583.0,51412.0
950,950,0.5587458426484806,5.129775428046809,0.5959572318005487,0.002,15,190695.0,51315.0
951,951,0.5579050376645488,5.129128170399149,0.5959773951910626,0.002,15,190807.0,51218.0
952,952,0.5570744403637875,5.128484140962472,0.5959974580162468,0.002,15,190918.0,51122.0
953,953,0.5562539571020062,5.12784332363601,0.596017420777673,0.002,15,191029.0,51026.0
954,954,0.5554434946157832,5.127205702399299,0.5960372839744111,0.002,15,191140.0,50930.0
955,955,0.5546429600288435,5.126571261311773,0.5960570481030422,0.002,15,191251.0,50834.0
956,956,0.5538522608582827,5.125939984512372,0.5960767136576706,0.002,14,191362.0,50738.0
957,957,0.5530713050206393,5.125311856219144,0.5960962811299361,0.002,14,191472.0,50642.0
958,958,0.5523000008378158,5.124686860728847,0.5961157510090264,0.002,14,191582.0,50546.0
959,959,0.5515382570428499,5.124064982416564,0.5961351237816896,0.002,14,191691.0,50451.0
960,960,0.5507859827855347,5.123446205735299,0.5961543999322462,0.002,14,191800.0,50356.0
961,961,0.5500430876378941,5.122830515215611,0.5961735799426007,0.002,14,191909.0,50261.0
962,962,0.5493094815995089,5.1222178954652,0.5961926642922545,0.002,14,192018.0,50166.0
963,963,0.5485850751026975,5.121608331168542,0.5962116534583173,0.002,14,192127.0,50071.0
964,964,0.5478697790175533,5.121001807086494,0.5962305479155193,0.002,14,192235.0,49977.0
965,965,0.5471635046568369,5.120398308055926,0.5962493481362229,0.002,14,192343.0,49883.0
966,966,0.5464661637807277,5.1197978189893325,0.5962680545904344,0.002,14,192451.0,49789.0
967,967,0.5457776686014326,5.119200324874452,0.5962866677458164,0.002,14,192559.0,49695.0
968,968,0.5450979317876571,5.118605810773903,0.5963051880676986,0.002,14,192667.0,49601.0
969,969,0.5444268664689357,5.118014261824798,0.5963236160190901,0.002,14,192775.0,49507.0
970,970,0.5437643862398255,5.117425663238387,0.5963419520606906,0.002,14,192882.0,49414.0
971,971,0.5431104051639645,5.116840000299672,0.5963601966509021,0.002,14,192989.0,49321.0
972,972,0.5424648377779938,5.1162572583670505,0.5963783502458403,0.002,14,193096.0,49228.0
973,973,0.5418275990953467,5.1156774228719435,0.5963964132993459,0.002,14,193203.0,49135.0
974,974,0.5411986046099052,5.115100479318432,0.5964143862629964,0.002,14,193310.0,49042.0
975,975,0.5405777702995256,5.114526413282898,0.5964322695861167,0.002,14,193416.0,48950.0
976,976,0.5399650126294343,5.113955210413663,0.5964500637157909,0.002,14,193522.0,48858.0
977,977,0.5393602485554948,5.113386856430624,0.5964677690968729,0.002,14,193628.0,48766.0
978,978,0.5387633955273475,5.112821337124898,0.5964853861719986,0.002,14,193734.0,48674.0
979,979,0.5381743714914244,5.112258638358479,0.5965029153815955,0.002,14,193840.0,48582.0
980,980,0.5375930948938381,5.111698746063865,0.5965203571638947,0.002,14,193946.0,48490.0
981,981,0.5370194846831486,5.11114164624372,0.5965377119549418,0.002,14,194051.0,48399.0
982,982,0.5364534603130077,5.1105873249705205,0.5965549801886074,0.002,14,194156.0,48308.0
983,983,0.5358949417446826,5.110035768386204,0.5965721622965984,0.002,14,194261.0,48217.0
984,984,0.5353438494494615,5.109486962701829,0.5965892587084682,0.002,14,194366.0,48126.0
985,985,0.5348001044109402,5.1089408941972225,0.5966062698516281,0.002,14,194471.0,48035.0
986,986,0.5342636281271931,5.108397549220647,0.5966231961513575,0.002,14,194575.0,47945.0
987,987,0.5337343426128284,5.107856914188447,0.5966400380308149,0.002,14,194679.0,47855.0
988,988,0.5332121704009306,5.107318975584718,0.596656795911048,0.002,14,194783.0,47765.0
989,989,0.5326970345448898,5.10678371996097,0.5966734702110047,0.002,14,194887.0,47675.0
990,990,0.5321888586201207,5.106251133935782,0.5966900613475435,0.002,14,194991.0,47585.0
991,991,0.5316875667256716,5.105721204194476,0.5967065697354436,0.002,14,195095.0,47495.0
992,992,0.5311930834857265,5.105193917488783,0.5967229957874155,0.002,14,195198.0,47406.0
993,993,0.5307053340509981,5.104669260636503,0.5967393399141114,0.002,14,195301.0,47317.0
994,994,0.5302242441000183,5.104147220521192,0.5967556025241354,0.002,14,195404.0,47228.0
995,995,0.5297497398403228,5.1036277840918185,0.5967717840240535,0.002,14,195507.0,47139.0
996,996,0.5292817480095335,5.103110938362444,0.5967878848184041,0.002,14,195610.0,47050.0
997,997,0.5288201958763411,5.102596670411899,0.5968039053097077,0.002,14,195712.0,46962.0
998,998,0.5283650112413856,5.102084967383458,0.5968198458984777,0.002,14,195814.0,46874.0
999,999,0.5279161224380411,5.101575816484519,0.5968357069832295,0.002,14,195916.0,46786.0
1000,1000,,,,,14,196018.0,46698.0
