Viral coefficient,Cycle time,Retention rate,Resurrection rate,New,Active,Lost
0.5274734583331012,20.0,0.1327195301571571,0.0020148378124062293,1,0.0,0.0
0.527916122438041,19.925187187890234,0.13505010122335143,0.0020546639749666595,0,0.0,1.0
0.5283650112413856,19.85074750623752,0.13736904851786025,0.0020942915037126444,0,0.0,1.0
0.5288201958763411,19.77667909404594,0.1396764300144866,0.0021337213893344656,0,0.0,1.0
0.5292817480095335,19.702980099601326,0.14197230339788813,0.002172954617581319,0,0.0,1.0
0.5297497398403228,19.62964868042499,0.14425672606501894,0.002211992169285951,0,0.0,1.0
0.5302242441000183,19.556683003227622,0.14652975512656474,0.00225083502038919,0,0.0,1.0
0.5307053340509981,19.484081243863496,0.14879144740837041,0.0022894841419643375,0,0.0,1.0
0.5311930834857265,19.411841587284847,0.1510418594528608,0.0023279405002414435,0,0.0,1.0
0.5316875667256716,19.3399622274965,0.15328104752045435,0.0023662050566314683,0,0.0,1.0
0.5321888586201207,19.26844136751071,0.15550906759096927,0.002404278767750315,0,0.0,1.0
0.5326970345448898,19.197277219302258,0.1577259753650233,0.002442162585442745,0,0.0,1.0
0.5332121704009306,19.126468003763733,0.15993182626542646,0.002479857456806174,0,0.0,1.0
0.5337343426128284,19.056011950661052,0.1621266754385659,0.0025173643242143483,0,0.0,1.0
0.5342636281271931,18.985907298589225,0.16431057775578545,0.0025546841253409067,0,0.0,1.0
0.5348001044109402,18.916152294928295,0.16648358781475664,0.0025918177931828212,0,0.0,1.0
0.5353438494494615,18.846745195799535,0.1686457599408443,0.002628766256083722,0,0.0,1.0
0.5358949417446826,18.77768426602186,0.17079714818846403,0.0026655304377571076,0,0.0,1.0
0.5364534603130077,18.708967779068423,0.1729378063424341,0.0027021112573094317,0,0.0,1.0
0.5370194846831486,18.64059401702347,0.17506778791931998,0.0027385096292630905,0,0.0,1.0
0.5375930948938381,18.572561270539392,0.1771871461687719,0.002774726463579278,0,0.0,1.0
0.5381743714914244,18.504867838793984,0.1792959340748565,0.0028107626656807385,0,0.0,1.0
0.5387633955273475,18.437512029447923,0.18139420435738135,0.002846619136474401,0,0.0,1.0
0.5393602485554948,18.37049215860247,0.18348200947321264,0.002882296772373904,0,0.0,1.0
0.5399650126294343,18.30380655075736,0.18555940161758716,0.002917796465322,0,0.0,1.0
0.5405777702995256,18.237453538768932,0.18762643272541663,0.0029531191028128656,0,0.0,1.0
0.5411986046099052,18.171431463808418,0.1896831544725865,0.002988265567914276,0,0.0,1.0
0.5418275990953467,18.105738675320517,0.19172961827724738,0.0030232367392896897,0,0.0,1.0
0.5424648377779938,18.040373530982087,0.19376587530110118,0.003058033491220211,0,0.0,1.0
0.5431104051639645,17.97533439666112,0.19579197645067942,0.003092656693626453,0,0.0,1.0
0.5437643862398255,17.910619646375867,0.19780797237861641,0.003127107212090278,0,0.0,1.0
0.5444268664689357,17.8462276622542,0.19981391348491534,0.0031613859078764416,0,0.0,1.0
0.5450979317876571,17.782156834493172,0.20180984991820833,0.0031954936379541233,0,0.0,1.0
0.5457776686014326,17.71840556131874,0.20379583157701026,0.0032294312550183533,0,0.0,1.0
0.5464661637807277,17.654972248945754,0.20577190811096596,0.003263199607511324,0,0.0,1.0
0.5471635046568369,17.59185531153811,0.2077381289220916,0.003296799539643607,0,0.0,1.0
0.5478697790175533,17.529053171169082,0.20969454316601005,0.003330231891415256,0,0.0,1.0
0.5485850751026975,17.466564257781883,0.2116411997531792,0.0033634974986368063,0,0.0,1.0
0.5493094815995089,17.404387009150433,0.21357814735011516,0.003396597192950172,0,0.0,1.0
0.5500430876378941,17.342519870840277,0.21550543438060876,0.0034295318018494328,0,0.0,1.0
0.5507859827855347,17.28096129616973,0.217423109026936,0.0034623021487015272,0,0.0,1.0
0.5515382570428499,17.21970974617122,0.21933121923106308,0.003494909052766835,0,0.0,1.0
0.5523000008378158,17.158763689552806,0.2212298126958444,0.0035273533292196537,0,0.0,1.0
0.5530713050206393,17.0981216026599,0.22311893688621548,0.0035596357891685857,0,0.0,1.0
0.5538522608582827,17.037781969437177,0.22499863903037953,0.0035917572396768124,0,0.0,1.0
0.5546429600288435,16.977743281390655,0.2268689661209879,0.0036237184837822666,0,0.0,1.0
0.5554434946157832,16.918004037550013,0.22872996491631548,0.003655520320517718,0,0.0,1.0
0.5562539571020062,16.858562744431033,0.23058168194142892,0.0036871635449307405,0,0.0,1.0
0.5570744403637875,16.7994179159983,0.2324241634893503,0.003718648948103591,0,0.0,1.0
0.5579050376645488,16.740568073628022,0.23425745562221445,0.0037499773171729926,0,0.0,1.0
0.5587458426484806,16.682011746071073,0.2360816041724199,0.003781149435349799,0,0.0,1.0
0.55959694933401,16.623747469416216,0.2378966547437757,0.003812166081938592,0,0.0,1.0
0.5604584521071141,16.565773787053494,0.23970265271264046,0.0038430280323571483,0,0.0,1.0
0.5613304457144759,16.508089249637834,0.24149964322905754,0.0038737360581558387,0,0.0,1.0
0.5622130252564838,16.4506924150528,0.24328767121788336,0.0039042909270369077,0,0.0,1.0
0.5631062861800734,16.393581848374527,0.24506678137991095,0.003934693402873666,0,0.0,1.0
0.5640103242714096,16.336756121835883,0.24683701819298687,0.003964944245729594,0,0.0,1.0
0.5649252356484088,16.28021381479074,0.24859842591312376,0.003995044211877341,0,0.0,1.0
0.5658511167531011,16.22395351367848,0.2503510485756062,0.004024994053817625,0,0.0,1.0
0.56678806434383,16.16797381198864,0.2520949299960922,0.004054794520298056,0,0.0,1.0
0.5677361754872914,16.112273310225767,0.253830113771708,0.004084446356331849,0,0.0,1.0
0.5686955475504072,16.056850615874417,0.25555664328213834,0.004113950303216448,0,0.0,1.0
0.5696662781920373,16.001704343364338,0.25727456169071106,0.004143307098552063,0,0.0,1.0
0.5706484653545253,15.946833114035853,0.25898391194547565,0.004172517476260104,0,0.0,1.0
0.5716422072550802,15.892235556105364,0.26068473678027776,0.004201582166601536,0,0.0,1.0
0.5726476023769913,15.837910304631084,0.26237707871582655,0.004230501896195134,0,0.0,1.0
0.573664749460677,15.783856001478892,0.2640609800607588,0.004259277388035641,0,0.0,1.0
0.574693747494566,15.730071295288399,0.26573648291269564,0.004287909361511851,0,0.0,1.0
0.5757346957058116,15.676554841439145,0.2674036291592958,0.004316398532424596,0,0.0,1.0
0.576787693550836,15.623305302017,0.2690624604793021,0.004344745613004629,0,0.0,1.0
0.5778528407057081,15.570321345780702,0.27071301834358413,0.004372951311930443,0,0.0,1.0
0.5789302370563494,15.517601648128586,0.27235534401617434,0.0044010163343459795,0,0.0,1.0
0.5800199826885721,15.465144891065465,0.2739894785553001,0.004428941381878261,0,0.0,1.0
0.5811221778779463,15.412949763169683,0.27561546281441,0.004456727152654929,0,0.0,1.0
0.5822369230794959,15.36101495956032,0.2772333374431953,0.004484374341321702,0,0.0,1.0
0.5833643189172246,15.309339181864583,0.27884314288860584,0.004511883639059735,0,0.0,1.0
0.5845044661734698,15.257921138185338,0.2804449193958617,0.004539255733602906,0,0.0,1.0
0.5856574657780853,15.206759543068815,0.2820387070094589,0.004566491309255002,0,0.0,1.0
0.5868234187974518,15.15585311747247,0.2836245455741709,0.0045935910469068345,0,0.0,1.0
0.5880024264233157,15.105200588733014,0.28520247473604426,0.004620555624053255,0,0.0,1.0
0.5891945899614548,15.05480069053459,0.28677253394339036,0.004647385714810097,0,0.0,1.0
0.5904000108201729,15.004652162877116,0.28833476244777106,0.004674081989931029,0,0.0,1.0
0.5916187904986204,14.954753752044791,0.28988919930498047,0.004700645116824315,0,0.0,1.0
0.5928510305749431,14.905104210574743,0.29143588337602083,0.004727075759569515,0,0.0,1.0
0.5940968326942582,14.855702297225852,0.29297485332807444,0.004753374578934071,0,0.0,1.0
0.5953562985564568,14.806546776947709,0.2945061476354705,0.0047795422323898395,0,0.0,1.0
0.5966295299038354,14.757636420849748,0.2960298045806462,0.004805579374129518,0,0.0,1.0
0.5979166285085533,14.708970006170519,0.29754586225510465,0.004831486655083008,0,0.0,1.0
0.5992176961599178,14.660546316247121,0.29905435856036666,0.004857264722933681,0,0.0,1.0
0.6005328346514976,14.61236414048478,0.3005553312089184,0.004882914222134576,0,0.0,1.0
0.6018621457680642,14.5644222743266,0.3020488177251543,0.004908435793924509,0,0.0,1.0
0.6032057312723599,14.516719519223424,0.30353485544631503,0.004933830076344105,0,0.0,1.0
0.6045636928916964,14.46925468260389,0.30501348152342095,0.004959097704251745,0,0.0,1.0
0.6059361323043805,14.422026577844612,0.3064847329222011,0.004984239309339445,0,0.0,1.0
0.6073231511259691,14.375034024240511,0.307948646424017,0.005009255520148641,0,0.0,1.0
0.6087248508953547,14.3282758469753,0.30940525862678253,0.0050341469620859055,0,0.0,1.0
0.6101413330606792,14.281750877092113,0.31085460594587855,0.005058914257438583,0,0.0,1.0
0.6115726989650797,14.235457951464277,0.3122967246150635,0.005083558025390349,0,0.0,1.0
0.6130190498322641,14.189395912766242,0.31373165068737935,0.005108078882036684,0,0.0,1.0
0.614480486751919,14.143563609444639,0.3151594200360526,0.005132477440400283,0,0.0,1.0
0.6159571106649495,14.0979598956895,0.31658006835539115,0.005156754310446376,0,0.0,1.0
0.6174490223485518,14.052583631405607,0.3179936311616772,0.005180910099097976,0,0.0,1.0
0.6189563224011192,14.007433682183988,0.31940014379405446,0.005204945410251059,0,0.0,1.0
0.620479111226983,13.962508919273562,0.32079964141541195,0.005228860844789656,0,0.0,1.0
0.6220174890209883,13.917808219552915,0.32219215901326315,0.005252657000600876,0,0.0,1.0
0.6235715557529056,13.873330465502226,0.3235777314006205,0.005276334472589853,0,0.0,1.0
0.6251414111516798,13.829074545175327,0.32495639321686587,0.005299893852694621,0,0.0,1.0
0.6267271546895163,13.785039352171907,0.3263281789286165,0.005323335729900908,0,0.0,1.0
0.6283288855658073,13.741223785609845,0.3276931228305865,0.005346660690256866,0,0.0,1.0
0.6299467026908973,13.697626750097696,0.32905125904644467,0.005369869316887719,0,0.0,1.0
0.6315807046696886,13.6542471557073,0.33040262152966704,0.005392962190010342,0,0.0,1.0
0.6332309897850918,13.611083917946539,0.33174724406438616,0.005415939886947765,0,0.0,1.0
0.6348976559813172,13.568135957732222,0.3330851602662353,0.005438802982143608,0,0.0,1.0
0.6365808008470119,13.525402201363107,0.33441640358318936,0.005461552047176442,0,0.0,1.0
0.6382805215982431,13.482881580493057,0.33574100729640044,0.005484187650774078,0,0.0,1.0
0.6399969150613288,13.440573032104336,0.3370590045210305,0.005506710358827784,0,0.0,1.0
0.6417300776555164,13.39847549848103,0.33837042820707863,0.005529120734406435,0,0.0,1.0
0.6434801053755126,13.35658792718261,0.33967531114020544,0.0055514193377705886,0,0.0,1.0
0.6452470937738652,13.314909271017607,0.3409736859425522,0.005573606726386488,0,0.0,1.0
0.6470311379431967,13.273438488017447,0.3422655850735565,0.005595683454940007,0,0.0,1.0
0.6488323324982949,13.232174541410398,0.343551040830764,0.005617650075350508,0,0.0,1.0
0.6506507715580585,13.191116399595641,0.34483008535063553,0.005639507136784644,0,0.0,1.0
0.6524865487273024,13.150263036117497,0.3461027506093507,0.005661255185670091,0,0.0,1.0
0.6543397570784218,13.109613429639749,0.34736906842360726,0.005682894765709203,0,0.0,1.0
0.6562104891329197,13.069166563920117,0.3486290704514166,0.005704426417892609,0,0.0,1.0
0.6580988368427965,13.028921427784855,0.349882788192895,0.005725850680512733,0,0.0,1.0
0.6600048915718078,12.988877015103458,0.35113025299105116,0.005747168089177259,0,0.0,1.0
0.6619287440765875,12.949032324763529,0.3523714960325702,0.005768379176822512,0,0.0,1.0
0.6638704844876426,12.909386360645728,0.3536065483485927,0.005789484473726788,0,0.0,1.0
0.6658302022902193,12.869938131598893,0.3548354408154909,0.00581048450752361,0,0.0,1.0
0.6678079863050422,12.830686651415242,0.3560582041556405,0.005831379803214916,0,0.0,1.0
0.6698039246689323,12.791630938805723,0.3572748689381887,0.005852170883184187,0,0.0,1.0
0.6718181048153009,12.752770017375488,0.3584854655798184,0.0058728582672095036,0,0.0,1.0
0.6738506134545259,12.71410291559948,0.35969002434550873,0.005893442472476545,0,0.0,1.0
0.6759015365542114,12.675628666798136,0.36088857534929153,0.005913924013591516,0,0.0,1.0
0.6779709593193322,12.637346309113237,0.3620811485550043,0.005934303402594009,0,0.0,1.0
0.6800589661722672,12.599254885483843,0.36326777377703934,0.005954581148969812,0,0.0,1.0
0.6821656407327235,12.561353443622384,0.364448480681089,0.005974757759663641,0,0.0,1.0
0.6842910657975527,12.523641035990831,0.3656232987848873,0.005994833739091813,0,0.0,1.0
0.6864353233204654,12.486116719777039,0.36679225745894817,0.006014809589154859,0,0.0,1.0
0.6885984943916419,12.448779556871141,0.36795538592729926,0.006034685809250072,0,0.0,1.0
0.6907806592172455,12.411628613842126,0.3691127132682128,0.006054462896283989,0,0.0,1.0
0.6929818970988411,12.374662961914478,0.37026426841493276,0.006074141344684816,0,0.0,1.0
0.6952022864127181,12.337881676944974,0.37141008015639765,0.006093721646414789,0,0.0,1.0
0.6974419045891262,12.301283839399575,0.3725501771379607,0.00611320429098247,0,0.0,1.0
0.6997008280914228,12.264868534330436,0.3736845878621058,0.006132589765454988,0,0.0,1.0
0.7019791323951355,12.228634851353036,0.3748133406891603,0.006151878554470214,0,0.0,1.0
0.7042768919669462,12.192581884623412,0.3759364638380034,0.0061710711402488795,0,0.0,1.0
0.7065941802435947,12.156708732815517,0.3770539853867726,0.006190168002606628,0,0.0,1.0
0.7089310696107096,12.121014499098685,0.3781659332735646,0.006209169618966012,0,0.0,1.0
0.7112876313815675,12.08549829111522,0.37927233529713456,0.006228076464368431,0,0.0,1.0
0.7136639357757828,12.050159220958069,0.38037321911759076,0.006246889011486004,0,0.0,1.0
0.7160600518979343,12.014996405148638,0.38146861225708595,0.006265607730633391,0,0.0,1.0
0.7184760477161304,11.9800089646147,0.3825585421005058,0.006284233089779543,0,0.0,1.0
0.7209119900405152,11.945196024668421,0.383643035896153,0.006302765554559411,0,0.0,1.0
0.7233679445017217,11.910556714984487,0.384722120756429,0.006321205588285576,0,0.0,1.0
0.7258439755292729,11.876090169578353,0.38579582365851156,0.006339553651959847,0,0.0,1.0
0.7283401463299366,11.841795526784587,0.3868641714450291,0.006357810204284766,0,0.0,1.0
0.7308565188660363,11.807671929235337,0.3879271908247319,0.006375975701675097,0,0.0,1.0
0.7333931538337222,11.773718523838884,0.3889849083731598,0.006394050598269217,0,0.0,1.0
0.7359501106412055,11.739934461758324,0.3900373505333068,0.0064120353459404845,0,0.0,1.0
0.7385274473869623,11.706318898390347,0.39108454361628153,0.006429930394308526,0,0.0,1.0
0.7411252208379064,11.672870993344116,0.3921265138019655,0.006447736190750486,0,0.0,1.0
0.7437434864075401,11.639589910420266,0.39316328713966786,0.0064654531804121985,0,0.0,1.0
0.7463822981340819,11.606474817589989,0.394194889548776,0.0064830818062193325,0,0.0,1.0
0.7490417086585799,11.573524886974237,0.3952213468194038,0.006500622508888446,0,0.0,1.0
0.7517217692030117,11.540739294823034,0.3962426846130365,0.006518075726938025,0,0.0,1.0
0.754422529548375,11.508117221494864,0.3972589284631721,0.006535441896699426,0,0.0,1.0
0.757144038012775,11.475657851436196,0.39827010377595995,0.0065527214523277985,0,0.0,1.0
0.7598863414295116,11.443360373161088,0.3992762358308354,0.006569914825812933,0,0.0,1.0
0.7626494851251701,11.4112239792309,0.40027734978115226,0.006587022446990063,0,0.0,1.0
0.7654335128977201,11.379247866234113,0.4012734706548114,0.006604044743550609,0,0.0,1.0
0.7682384669946283,11.347431234766233,0.40226462335488655,0.00662098214105287,0,0.0,1.0
0.7710643880909873,11.315773289409819,0.40325083266024686,0.006637835062932668,0,0.0,1.0
0.7739113152676654,11.284273238714585,0.4042321232261763,0.006654603930513924,0,0.0,1.0
0.7767792859894839,11.252930295177626,0.40520851958499016,0.006671289163019204,0,0.0,1.0
0.7796683360834229,11.22174367522372,0.4061800461466482,0.00668789117758019,0,0.0,1.0
0.7825784997168636,11.190712599185744,0.4071467271993652,0.0067044103892481095,0,0.0,1.0
0.7855098093758688,11.159836291285183,0.4081085869102177,0.006720847211004115,0,0.0,1.0
0.7884622958435081,11.129113979612725,0.4090656493257485,0.006737202053769605,0,0.0,1.0
0.7914359881782322,11.098544896108987,0.41001793837256806,0.006753475326416503,0,0.0,1.0
0.7944309136922989,11.068128276545282,0.410965477857952,0.0067696674357774714,0,0.0,1.0
0.7974470979302593,11.03786336050454,0.41190829147043684,0.006785778786656087,0,0.0,1.0
0.8004845646475056,11.007749391362282,0.41284640278041196,0.006801809781836962,0,0.0,1.0
0.8035433357888866,10.977785616267713,0.41377983524070894,0.006817760822095809,0,0.0,1.0
0.8066234314673959,10.947971286124893,0.4147086121871881,0.0068336323062094684,0,0.0,1.0
0.8097248699429376,10.918305655574017,0.41563275683932127,0.006849424630965867,0,0.0,1.0
0.8128476676011733,10.888787982972776,0.41655229230077295,0.006865138191173948,0,0.0,1.0
0.8159918389324574,10.859417530377815,0.4174672415599775,0.006880773379673533,0,0.0,1.0
0.8191573965108634,10.830193563526294,0.4183776274907143,0.006896330587345151,0,0.0,1.0
0.822344350973308,10.801115351817518,0.41928347285267875,0.006911810203119801,0,0.0,1.0
0.8255527109987768,10.772182168294677,0.4201848002920522,0.006927212613988688,0,0.0,1.0
0.8287824832876565,10.743393289626681,0.4210816323420675,0.006942538205012883,0,0.0,1.0
0.8320336725411809,10.714747996090058,0.42197399142357284,0.006957787359332959,0,0.0,1.0
0.8353062814409921,10.686245571550982,0.4228618998455914,0.006972960458178572,0,0.0,1.0
0.8386003106288253,10.657885303447355,0.42374537980588034,0.006988057880877979,0,0.0,1.0
0.8419157586863208,10.629666482770993,0.42462445339148436,0.007003080004867537,0,0.0,1.0
0.8452526221149679,10.601588404049913,0.425499142579289,0.007018027205701126,0,0.0,1.0
0.8486108953161875,10.573650365330685,0.4263694692365696,0.007032899857059547,0,0.0,1.0
0.8519905705715567,10.545851668160886,0.4272354551215378,0.0070476983307598585,0,0.0,1.0
0.8553916380231826,10.518191617571635,0.42809712188388593,0.007062422996764673,0,0.0,1.0
0.8588140856542288,10.49066952206023,0.4289544910653279,0.007077074223191406,0,0.0,1.0
0.8622578992696,10.463284693572849,0.42980758410013775,0.007091652376321485,0,0.0,1.0
0.8657230624767915,10.436036447487353,0.430656422315686,0.0071061578206094945,0,0.0,1.0
0.8692095566669085,10.408924102596174,0.4315010269329721,0.007120590918692298,0,0.0,1.0
0.8727173609958563,10.381946981089275,0.4323414190671556,0.007134952031398099,0,0.0,1.0
0.8762464523657154,10.355104408537212,0.4331776197280835,0.007149241517755465,0,0.0,1.0
0.879796805406297,10.328395713874272,0.4340096498208159,0.007163459735002296,0,0.0,1.0
0.883368392456892,10.301820229381702,0.43483753014614857,0.007177607038594767,0,0.0,1.0
0.8869611835482141,10.275377290671004,0.43566128140113264,0.007191683782216202,0,0.0,1.0
0.8905751463845435,10.24906623666733,0.4364809241795924,0.007205690317785927,0,0.0,1.0
0.8942102463260796,10.222886409592963,0.43729647897264,0.0072196269954680585,0,0.0,1.0
0.8978664463715013,10.196837154950861,0.4381079661691879,0.007233494163680266,0,0.0,1.0
0.9015437071407483,10.170917821508302,0.43891540605645807,0.007247292169102477,0,0.0,1.0
0.905241986858022,10.1451277612806,0.4397188188204898,0.007261021356685545,0,0.0,1.0
0.9089612413350154,10.119466329514905,0.440518224546644,0.007274682069659874,0,0.0,1.0
0.9127014239543761,10.093932884674086,0.4413136432201056,0.007288274649544001,0,0.0,1.0
0.9164624856534066,10.068526788420694,0.44210509472638276,0.007301799436153132,0,0.0,1.0
0.9202443749080091,10.043247405600999,0.44289259885180443,0.007315256767607635,0,0.0,1.0
0.92404703771688,10.018094104229114,0.4436761752840146,0.007328646980341497,0,0.0,1.0
0.9278704175859577,9.993066255471193,0.44445584361246504,0.007341970409110735,0,0.0,1.0
0.9317144555131295,9.968163233629713,0.44523162332890454,0.007355227387001761,0,0.0,1.0
0.9355790899732057,9.943384416127836,0.44600353382786645,0.0073684182454397135,0,0.0,1.0
0.9394642569031614,9.918729183493827,0.4467715944071534,0.007381543314196741,0,0.0,1.0
0.9433698896876559,9.894196919345593,0.44753582426831984,0.007394602921400244,0,0.0,1.0
0.947295919144831,9.869787010375246,0.4482962425171521,0.007407597393541085,0,0.0,1.0
0.9512422735123975,9.845498846333793,0.44905286816414614,0.007420527055481744,0,0.0,1.0
0.9552088784340109,9.821331820015871,0.4498057201249823,0.007433392230464441,0,0.0,1.0
0.9591956569459448,9.797285327244557,0.4505548172209991,0.007446193240119223,0,0.0,1.0
0.9632025294640647,9.773358766856287,0.4513001781796627,0.0074589304044719975,0,0.0,1.0
0.9672294137711106,9.749551540685797,0.45204182163503615,0.007471604041952537,0,0.0,1.0
0.9712762250042901,9.7258630535512,0.4527797661282442,0.007484214469402436,0,0.0,1.0
0.9753428756431882,9.70229271323908,0.4535140301079377,0.007496762002083039,0,0.0,1.0
0.9794292754980007,9.678839930489701,0.4542446319307545,0.007509246953683319,0,0.0,1.0
0.983535331698093,9.655504118982275,0.4549715898617781,0.007521669636327713,0,0.0,1.0
0.9876609486808936,9.632284695320298,0.45569492207499473,0.007534030360583936,0,0.0,1.0
0.9918060281811218,9.609181079016968,0.45641464665374726,0.007546329435470737,0,0.0,1.0
0.99597046922036,9.586192692480676,0.4571307815911878,0.007558567168465629,0,0.0,1.0
1.0001541680969723,9.563318961000562,0.4578433447907269,0.007570743865512576,0,0.0,1.0
1.004357018376375,9.540559312732142,0.45855235406648187,0.0075828598310296366,0,0.0,1.0
1.0085789108816634,9.517913178683031,0.45925782714372143,0.007594915367916579,0,0.0,1.0
1.012819733684602,9.495379992698695,0.4599597816593092,0.007606910777562455,0,0.0,1.0
1.0170793720969797,9.472959191448311,0.46065823516214466,0.00761884635985313,0,0.0,1.0
1.0213577086623369,9.450650214410679,0.4613532051136019,0.007630722413178783,0,0.0,1.0
1.0256546231480672,9.428452503860214,0.46204470888796567,0.007642539234441365,0,0.0,1.0
1.029969992537902,9.406365504852992,0.46273276377286654,0.007654297119062023,0,0.0,1.0
1.0343036910247785,9.384388665212892,0.46341738696971235,0.007665996360988487,0,0.0,1.0
1.038655590004097,9.362521435517774,0.4640985955941187,0.007677637252702412,0,0.0,1.0
1.0430255580673748,9.340763269085759,0.46477640667633674,0.007689220085226698,0,0.0,1.0
1.0474134609962955,9.319113621961552,0.4654508371616788,0.007700745148132762,0,0.0,1.0
1.0518191617571635,9.297571952902851,0.4661219039109421,0.007712212729547776,0,0.0,1.0
1.0562425204957662,9.276137723366803,0.4667896237008303,0.007723623116161873,0,0.0,1.0
1.0606833945326455,9.254810397496556,0.4674540132243731,0.007734976593235313,0,0.0,1.0
1.0651416383587877,9.23358944210785,0.468115089091343,0.007746273444605613,0,0.0,1.0
1.0696171036317321,9.212474326675697,0.4687728678286711,0.007757513952694647,0,0.0,1.0
1.0741096391721037,9.191464523321109,0.4694273658808603,0.007768698398515702,0,0.0,1.0
1.0786190909605742,9.170559506797911,0.4700785996103958,0.007779827061680506,0,0.0,1.0
1.0831453021352566,9.149758754479603,0.4707265852981547,0.007790900220406218,0,0.0,1.0
1.087688112989533,9.129061746346284,0.47137133914381324,0.007801918151522383,0,0.0,1.0
1.0922473609703254,9.108467964971684,0.47201287726625085,0.007812881130477853,0,0.0,1.0
1.096822880676807,9.087976895510188,0.4726512157039542,0.007823789431347672,0,0.0,1.0
1.1014145038595646,9.067588025684,0.47328637041541727,0.007834643326839929,0,0.0,1.0
1.1060220594202086,9.047300845770302,0.4739183572795411,0.00784544308830258,0,0.0,1.0
1.1106453734114388,9.02711484858855,0.47454719209603025,0.00785618898573022,0,0.0,1.0
1.11528426903757,9.007029529487756,0.4751728905857877,0.007866881287770848,0,0.0,1.0
1.1199385666555164,8.9870443863339,0.4757954683913084,0.00787752026173257,0,0.0,1.0
1.1246080837762413,8.96715891949736,0.47641494107706994,0.007888106173590289,0,0.0,1.0
1.1292926350666779,8.94737263184043,0.4770313241299216,0.007898639287992353,0,0.0,1.0
1.1339920323521162,8.92768502870489,0.4776446329594719,0.007909119868267171,0,0.0,1.0
1.138706084619068,8.908095617899633,0.4782548828984735,0.007919548176429796,0,0.0,1.0
1.1434345980186094,8.888603909688372,0.4788620892032067,0.007929924473188474,0,0.0,1.0
1.1481773758702005,8.869209416777386,0.47946626705386075,0.007940249017951165,0,0.0,1.0
1.1529342186659908,8.849911654303337,0.48006743155491327,0.007950522068832028,0,0.0,1.0
1.1577049240756092,8.830710139821164,0.4806655977355082,0.007960743882657866,0,0.0,1.0
1.162489286951444,8.811604393292004,0.4812607805498312,0.00797091471497456,0,0.0,1.0
1.1672870993344118,8.792593937071196,0.48185299487748356,0.007981034820053447,0,0.0,1.0
1.1720981504602204,8.773678295896346,0.4824422555238544,0.00799110445089768,0,0.0,1.0
1.1769222267661303,8.754856996875441,0.4830285772204905,0.008001123859248555,0,0.0,1.0
1.1817591118982103,8.736129569475022,0.48361197462546485,0.008011093295591805,0,0.0,1.0
1.1866085867190959,8.71749554550843,0.48419246232374297,0.008021013009163854,0,0.0,1.0
1.1914704293162504,8.698954459124096,0.48477005482754754,0.00803088324795806,0,0.0,1.0
1.1963444150107294,8.680505846793896,0.4853447665767212,0.008040704258730907,0,0.0,1.0
1.2012303163664522,8.662149247301556,0.48591661193908764,0.008050476287008175,0,0.0,1.0
1.2061279031999808,8.643884201731137,0.48648560521081075,0.008060199577091082,0,0.0,1.0
1.2110369425908103,8.625710253455546,0.4870517606167519,0.008069874372062382,0,0.0,1.0
1.2159571988921687,8.607626948125132,0.4876150923108258,0.00807950091379246,0,0.0,1.0
1.2208884337423318,8.589633833656318,0.488175614376354,0.008089079442945353,0,0.0,1.0
1.2258304060764504,8.571730460220305,0.48873334082641745,0.008098610198984795,0,0.0,1.0
1.2307828721388947,8.553916380231826,0.48928828560420645,0.008108093420180179,0,0.0,1.0
1.2357455854961148,8.536191148337952,0.4898404625833693,0.008117529343612533,0,0.0,1.0
1.2407182970500192,8.518554321406965,0.49038988556835916,0.00812691820518043,0,0.0,1.0
1.2457007550518722,8.50100545851727,0.4909365682947795,0.0081362602396059,0,0.0,1.0
1.2506927051167105,8.483544120946382,0.49148052442972673,0.008145555680440291,0,0.0,1.0
1.2556938902382817,8.466169872159952,0.4920217675721327,0.008154804760070107,0,0.0,1.0
1.2607040508045013,8.448882277800857,0.49256031125310407,0.008164007709722821,0,0.0,1.0
1.265722924613434,8.431680905678336,0.49309616893626096,0.008173164759472655,0,0.0,1.0
1.2707502468897949,8.414565325757192,0.4936293540180733,0.008182276138246325,0,0.0,1.0
1.2757857503019734,8.39753511014703,0.494159879828196,0.00819134207382878,0,0.0,1.0
1.2808291649795813,8.38058983309158,0.4946877596298019,0.00820036279286888,0,0.0,1.0
1.28588021853152,8.36372907095803,0.49521300661991347,0.008209338520885068,0,0.0,1.0
1.2909386360645727,8.346952402226448,0.4957356339297329,0.008218269482271017,0,0.0,1.0
1.296004140202518,8.33025940747924,0.4962556546249702,0.008227155900301222,0,0.0,1.0
1.3010764511057653,8.313649669390673,0.49677308170616963,0.0082359979971366,0,0.0,1.0
1.306155286491511,8.297122772716426,0.49728792810903544,0.008244795993830031,0,0.0,1.0
1.3112403616544177,8.28067830428322,0.49780020670475433,0.008253550110331891,0,0.0,1.0
1.316331389487811,8.264315852978493,0.49830993030031795,0.00826226056549555,0,0.0,1.0
1.3214280805053977,8.248035009740105,0.4988171116388427,0.008270927577082837,0,0.0,1.0
1.3265301428635017,8.23183536754613,0.4993217633998885,0.008279551361769496,0,0.0,1.0
1.3316372823838174,8.21571652140467,0.4998238981997756,0.00828813213515059,0,0.0,1.0
1.3367492025766805,8.19967806834373,0.5003235285919001,0.008296670111745907,0,0.0,1.0
1.3418656046648523,8.183719607401146,0.5008206670670481,0.0083051655050053,0,0.0,1.0
1.3469861876078189,8.167840739614569,0.5013153260537071,0.008313618527314045,0,0.0,1.0
1.3521106481266016,8.15204106801147,0.5018075179183775,0.008322029389998141,0,0.0,1.0
1.3572386807290802,8.136320197599243,0.5022972549658818,0.008330398303329593,0,0.0,1.0
1.362369977735821,8.120677735355308,0.5027845494396715,0.00833872547653167,0,0.0,1.0
1.3675042293064161,8.10511329021729,0.503269413522134,0.008347011117784135,0,0.0,1.0
1.3726411234663243,8.089626473073253,0.5037518593348963,0.00835525543422845,0,0.0,1.0
1.3777803461342155,8.07421689675196,0.5042318989391291,0.008363458631972959,0,0.0,1.0
1.382921581149818,8.058884176013201,0.5047095443358476,0.00837162091609803,0,0.0,1.0
1.3880645103022586,8.04362792753816,0.5051848074662113,0.008379742490661193,0,0.0,1.0
1.3932088133589047,8.028447769919831,0.5056577002118234,0.008387823558702233,0,0.0,1.0
1.3983541680946934,8.013343323653482,0.5061282343950271,0.008395864322248273,0,0.0,1.0
1.4035002503219542,7.998314211127168,0.5065964217792016,0.00840386498231882,0,0.0,1.0
1.408646733920718,7.983360056612295,0.5070622740690558,0.008411825738930793,0,0.0,1.0
1.4137932908695103,7.9684804862542205,0.5075258029109211,0.008419746791103522,0,0.0,1.0
1.418939591276624,7.953675128062911,0.507987019893043,0.008427628336863724,0,0.0,1.0
1.4240853034118732,7.938943611903641,0.5084459365458697,0.008435470573250453,0,0.0,1.0
1.429230093738817,7.924285569487738,0.5089025643423416,0.008443273696320027,0,0.0,1.0
1.4343736269474583,7.909700634363379,0.5093569146981775,0.00845103790115093,0,0.0,1.0
1.4395155659874062,7.895188441906425,0.5098089989721598,0.008458763381848686,0,0.0,1.0
1.4446555721015046,7.880748629311311,0.5102588284664189,0.008466450331550716,0,0.0,1.0
1.4497933048599179,7.866380835581969,0.5107064144267157,0.008474098942431162,0,0.0,1.0
1.4549284221946737,7.8520847015228075,0.5111517680427226,0.008481709405705695,0,0.0,1.0
1.460060580434655,7.83785986972973,0.5115949004483028,0.008489281911636292,0,0.0,1.0
1.4651894343410423,7.823705984581202,0.5120358227217899,0.008496816649535997,0,0.0,1.0
1.4703146371431948,7.809622692229356,0.5124745458862636,0.00850431380777365,0,0.0,1.0
1.475435840574972,7.79560964059115,0.5129110809098257,0.008511773573778596,0,0.0,1.0
1.4805526949114873,7.781666479339563,0.5133454387058748,0.008519196134045375,0,0.0,1.0
1.4856648490062914,7.767792859894839,0.5137776301333782,0.00852658167413838,0,0.0,1.0
1.4907719503289785,7.753988435415768,0.5142076659971443,0.0085339303786965,0,0.0,1.0
1.4958736450032104,7.740252860791021,0.5146355570480918,0.008541242431437727,0,0.0,1.0
1.5009695778451566,7.726585792630512,0.5150613139835196,0.008548518015163764,0,0.0,1.0
1.506059392402341,7.712986889256832,0.5154849474473729,0.00855575731176458,0,0.0,1.0
1.5111427309928904,7.699455810696683,0.5159064680305108,0.008562960502222971,0,0.0,1.0
1.516219234745183,7.685992218672398,0.5163258862709694,0.00857012776661907,0,0.0,1.0
1.5212885436378871,7.672595776593476,0.5167432126542268,0.008577259284134865,0,0.0,1.0
1.526350296540386,7.659266149548167,0.5171584576134642,0.00858435523305866,0,0.0,1.0
1.5314041312535827,7.6460030042951,0.5175716315298274,0.00859141579078955,0,0.0,1.0
1.5364496845510813,7.632806009254953,0.5179827447326857,0.008598441133841847,0,0.0,1.0
1.5414865922207333,7.619674834502163,0.5183918074998904,0.008605431437849491,0,0.0,1.0
1.5465144891065465,7.606609151756677,0.5187988300580324,0.008612386877570448,0,0.0,1.0
1.5515330091509538,7.593608634375745,0.5192038225826965,0.008619307626891072,0,0.0,1.0
1.5565417854374242,7.580672957345758,0.519606795198717,0.008626193858830457,0,0.0,1.0
1.561540450233423,7.567801797274114,0.5200077579804303,0.008633045745544762,0,0.0,1.0
1.5665286350337047,7.554994832381142,0.520406720951927,0.00863986345833151,0,0.0,1.0
1.5715059706039363,7.54225174249205,0.5208036940873019,0.008646647167633872,0,0.0,1.0
1.5764720870246431,7.529572209028933,0.5211986873109041,0.008653397043044941,0,0.0,1.0
1.5814266137354707,7.516955915002788,0.5215917104975849,0.008660113253311952,0,0.0,1.0
1.5863691795797543,7.50440254500561,0.5219827734729444,0.008666795966340507,0,0.0,1.0
1.5912994128493911,7.491911785202496,0.5223718860135773,0.008673445349198783,0,0.0,1.0
1.5962169413300058,7.479483323323798,0.5227590578473175,0.008680061568121698,0,0.0,1.0
1.6011213923464036,7.467116848657323,0.5231442986534808,0.00868664478851507,0,0.0,1.0
1.606012392808302,7.454812052040561,0.5235276180631075,0.00869319517495975,0,0.0,1.0
1.6108895692563356,7.442568625852955,0.5239090256592029,0.008699712891215742,0,0.0,1.0
1.615752547908323,7.430386264008211,0.5242885309769767,0.00870619810022629,0,0.0,1.0
1.6206009547057934,7.418264661946651,0.5246661435040817,0.008712650964121958,0,0.0,1.0
1.6254344153607594,7.406203516627591,0.5250418726808506,0.00871907164422468,0,0.0,1.0
1.630252555402731,7.39420252652177,0.5254157279005324,0.008725460301051792,0,0.0,1.0
1.6350550002259632,7.3822613916038105,0.5257877185095271,0.00873181709432005,0,0.0,1.0
1.6398413751369285,7.370379813344718,0.5261578538076194,0.008738142182949613,0,0.0,1.0
1.644611305402004,7.358557494704414,0.5265261430482109,0.008744435725068028,0,0.0,1.0
1.6493644162953698,7.346794140124321,0.5268925954385517,0.008750697878014177,0,0.0,1.0
1.6541003331471038,7.3350894555199595,0.527257220139971,0.008756928798342205,0,0.0,1.0
1.6588186813914718,7.323443148273606,0.527620026268105,0.008763128641825452,0,0.0,1.0
1.663519086615397,7.311854927226971,0.527981022893126,0.008769297563460322,0,0.0,1.0
1.6682011746071073,7.300324502673927,0.5283402190399682,0.008775435717470182,0,0.0,1.0
1.6728645714049462,7.288851586353259,0.5286976236885542,0.008781543257309198,0,0.0,1.0
1.6775089033463404,7.277435891441459,0.5290532457740187,0.008787620335666184,0,0.0,1.0
1.6821337971169192,7.266077132545563,0.5294070941869324,0.008793667104468418,0,0.0,1.0
1.6867388797997689,7.254775025696005,0.5297591777735242,0.008799683714885433,0,0.0,1.0
1.69132377892482,7.243529288339525,0.5301095053359018,0.008805670317332804,0,0.0,1.0
1.6958881225183569,7.232339639332105,0.5304580856322727,0.008811627061475903,0,0.0,1.0
1.7004315391526375,7.221205798931937,0.5308049273771624,0.008817554096233646,0,0.0,1.0
1.7049536579956184,7.210127488792429,0.5311500392416327,0.008823451569782209,0,0.0,1.0
1.7094541088607738,7.199104431955252,0.5314934298534981,0.008829319629558737,0,0.0,1.0
1.713932522256998,7.188136352843411,0.5318351077975417,0.008835158422265031,0,0.0,1.0
1.718388529438586,7.177222977254356,0.53217508161573,0.008840968093871212,0,0.0,1.0
1.7228217624552784,7.16636403235313,0.5325133598074262,0.008846748789619375,0,0.0,1.0
1.7272318542023641,7.155559246665543,0.5328499508296026,0.008852500654027214,0,0.0,1.0
1.731618438470831,7.1448083500713935,0.5331848630970525,0.008858223830891635,0,0.0,1.0
1.7359811499975548,7.134111073797704,0.5335181049825997,0.008863918463292363,0,0.0,1.0
1.7403196245155144,7.12346715041201,0.5338496848173089,0.008869584693595502,0,0.0,1.0
1.7446334988040293,7.112876313815676,0.5341796108906931,0.008875222663457104,0,0.0,1.0
1.7489224107390051,7.10233829923723,0.5345078914509216,0.008880832513826712,0,0.0,1.0
1.753185999343178,7.091852843225764,0.5348345347050252,0.008886414384950874,0,0.0,1.0
1.7574239048363502,7.081419683644329,0.5351595488191024,0.008891968416376662,0,0.0,1.0
1.7616357686856068,7.071038559663393,0.535482941918523,0.008897494746955148,0,0.0,1.0
1.7658212336555004,7.060709211754314,0.5358047220881313,0.008902993514844887,0,0.0,1.0
1.7699799438582013,7.050431381682857,0.5361248973724483,0.008908464857515359,0,0.0,1.0
1.7741115448035936,7.040204812502737,0.5364434757758727,0.00891390891175042,0,0.0,1.0
1.778215683449317,7.030029248549191,0.5367604652628813,0.008919325813651707,0,0.0,1.0
1.7822920082507379,7.019904435432588,0.5370758737582279,0.00892471569864205,0,0.0,1.0
1.7863401692108427,7.009830120032074,0.537389709147141,0.008930078701468856,0,0.0,1.0
1.7903598179300442,6.999806050489241,0.5377019792755218,0.008935414956207472,0,0.0,1.0
1.794350607655887,6.989831976201826,0.5380126919501399,0.008940724596264547,0,0.0,1.0
1.798312193332649,6.979907647817454,0.5383218549388281,0.008946007754381357,0,0.0,1.0
1.8022442316508225,6.970032817227396,0.5386294759706776,0.008951264562637132,0,0.0,1.0
1.8061463810964686,6.960207237560375,0.5389355627362298,0.008956495152452351,0,0.0,1.0
1.810018302000434,6.950430663176388,0.53924012288767,0.008961699654592032,0,0.0,1.0
1.8138596565874203,6.940702849660566,0.5395431640390177,0.008966878199168998,0,0.0,1.0
1.817670109024897,6.931023553817063,0.5398446937663177,0.008972030915647137,0,0.0,1.0
1.821449325471846,6.92139253366298,0.5401447196078288,0.008977157932844626,0,0.0,1.0
1.8251969741273304,6.911809548422311,0.5404432490642126,0.008982259378937162,0,0.0,1.0
1.828912725278875,6.902274358519927,0.540740289598721,0.008987335381461166,0,0.0,1.0
1.8325962513506535,6.892786725575582,0.5410358486373831,0.008992386067316963,0,0.0,1.0
1.8362472269514631,6.883346412397958,0.5413299335691899,0.008997411562771963,0,0.0,1.0
1.8398653289224907,6.873953182978736,0.5416225517462803,0.009002411993463813,0,0.0,1.0
1.843450236384846,6.864606802486691,0.5419137104841238,0.009007387484403544,0,0.0,1.0
1.8470016307868629,6.855307037261822,0.5422034170617042,0.009012338159978685,0,0.0,1.0
1.8505191959511547,6.846053654809515,0.5424916787217008,0.009017264143956386,0,0.0,1.0
1.854002618121413,6.836846423794729,0.5427785026706702,0.0090221655594865,0,0.0,1.0
1.857451586008942,6.827685114036205,0.5430638960792261,0.009027042529104672,0,0.0,1.0
1.8608657908389197,6.818569496500725,0.5433478660822185,0.009031895174735398,0,0.0,1.0
1.8642449263963718,6.809499343297373,0.5436304197789125,0.00903672361769507,0,0.0,1.0
1.867588689071857,6.800474427671851,0.5439115642331649,0.009041527978695015,0,0.0,1.0
1.8708967779068422,6.791494524000794,0.5441913064736019,0.009046308377844503,0,0.0,1.0
1.8741688946387725,6.782559407786145,0.5444696534937941,0.009051064934653769,0,0.0,1.0
1.8774047437458123,6.773668855649531,0.5447466122524313,0.009055797768036977,0,0.0,1.0
1.8806040324912598,6.764822645326688,0.545022189673497,0.009060506996315209,0,0.0,1.0
1.8837664709676178,6.7560205556618955,0.5452963926464413,0.009065192737219415,0,0.0,1.0
1.886891772140316,6.747262366602454,0.5455692280263524,0.009069855107893366,0,0.0,1.0
1.8899796518910725,6.738547859193181,0.5458407026341294,0.009074494224896567,0,0.0,1.0
1.893029829060889,6.729876815570938,0.5461108232566514,0.009079110204207189,0,0.0,1.0
1.8960420254926649,6.721249018959181,0.546379596646948,0.009083703161224952,0,0.0,1.0
1.8990159660734292,6.712664253662547,0.5466470295243682,0.009088273210774022,0,0.0,1.0
1.901951378776173,6.704122305061455,0.5469131285747476,0.009092820467105876,0,0.0,1.0
1.9048479947012802,6.695622959606748,0.5471779004505765,0.009097345043902158,0,0.0,1.0
1.907705548117542,6.687166004814344,0.5474413517711654,0.009101847054277523,0,0.0,1.0
1.9105237765027527,6.678751229259933,0.5477034891228112,0.009106326610782468,0,0.0,1.0
1.9133024205838731,6.670378422573689,0.5479643190589613,0.009110783825406137,0,0.0,1.0
1.9160412243767535,6.662047375435008,0.5482238481003777,0.009115218809579127,0,0.0,1.0
1.9187399352254106,6.653757879567278,0.5484820827352999,0.009119631674176275,0,0.0,1.0
1.921398303840848,6.645509727732671,0.5487390294196073,0.009124022529519424,0,0.0,1.0
1.9240160843394107,6.637302713726961,0.5489946945769802,0.009128391485380187,0,0.0,1.0
1.9265930342806685,6.62913663237437,0.5492490845990612,0.00913273865098269,0,0.0,1.0
1.9291289147048165,6.621011279522439,0.5495022058456137,0.009137064135006295,0,0.0,1.0
1.9316234901695886,6.612926452036924,0.5497540646446823,0.009141368045588332,0,0.0,1.0
1.934076528786672,6.604881947796717,0.5500046672927502,0.009145650490326788,0,0.0,1.0
1.9364878022576177,6.596877565688792,0.5502540200548964,0.009149911576283004,0,0.0,1.0
1.9388570859092382,6.58891310560318,0.550502129164953,0.009154151409984353,0,0.0,1.0
1.9411841587284848,6.580988368427965,0.5507490008256607,0.009158370097426897,0,0.0,1.0
1.9434688033967964,6.573103156044303,0.5509946412088239,0.00916256774407804,0,0.0,1.0
1.9457108063239128,6.5652572713214745,0.551239056455465,0.00916674445487917,0,0.0,1.0
1.9479099576811467,6.557450518111954,0.5514822526759777,0.009170900334248274,0,0.0,1.0
1.9500660514341033,6.549682701246503,0.5517242359502805,0.00917503548608255,0,0.0,1.0
1.952178885374844,6.5419536265292955,0.5519650123279677,0.009179150013761012,0,0.0,1.0
1.9542482611534864,6.534263100733062,0.5522045878284612,0.009183244020147066,0,0.0,1.0
1.956273984309231,6.526610931594256,0.552442968441161,0.009187317607591084,0,0.0,1.0
1.958255864300812,6.518996927808251,0.5526801601255951,0.009191370877932963,0,0.0,1.0
1.9601937145363633,6.5114208990245555,0.5529161688115676,0.009195403932504675,0,0.0,1.0
1.962087352402691,6.503882655842055,0.5531510003993081,0.009199416872132795,0,0.0,1.0
1.963936599293952,6.49638200980428,0.5533846607596186,0.00920340979714102,0,0.0,1.0
1.9657412806397254,6.488918773394685,0.5536171557340201,0.009207382807352685,0,0.0,1.0
1.9675012259324753,6.481492760031973,0.5538484911348993,0.009211336002093251,0,0.0,1.0
1.9692162687543973,6.474103784065424,0.554078672745653,0.009215269480192793,0,0.0,1.0
1.9708862468036425,6.46675166077025,0.5543077063208338,0.009219183339988469,0,0.0,1.0
1.9725110019199148,6.459436206342991,0.5545355975862927,0.009223077679326976,0,0.0,1.0
1.974090380109433,6.452157237896904,0.5547623522393234,0.009226952595567002,0,0.0,1.0
1.9756242315692547,6.444914573457396,0.5549879759488038,0.009230808185581654,0,0.0,1.0
1.9771124107109568,6.43770803195748,0.5552124743553386,0.009234644545760885,0,0.0,1.0
1.9785547761836644,6.430537433233244,0.5554358530713996,0.009238461772013897,0,0.0,1.0
1.9799511908964267,6.423402598019347,0.5556581176814664,0.009242259959771546,0,0.0,1.0
1.9813015220399315,6.4163033479445355,0.5558792737421657,0.009246039203988723,0,0.0,1.0
1.9826056411075572,6.409239505527188,0.5560993267824107,0.009249799599146732,0,0.0,1.0
1.983863423915754,6.402210894170877,0.5563182823035386,0.009253541239255644,0,0.0,1.0
1.985074750623752,6.395217338159952,0.5565361457794491,0.009257264217856661,0,0.0,1.0
1.9862395057525912,6.388258662655149,0.5567529226567404,0.009260968628024441,0,0.0,1.0
1.9873575782034694,6.381334693689217,0.5569686183548456,0.00926465456236943,0,0.0,1.0
1.9884288612754022,6.374445258162573,0.5571832382661683,0.009268322113040179,0,0.0,1.0
1.9894532526821962,6.367590183838968,0.5573967877562178,0.009271971371725644,0,0.0,1.0
1.9904306545687236,6.360769299341188,0.5576092721637422,0.009275602429657486,0,0.0,1.0
1.9913609735265023,6.353982434146764,0.5578206968008629,0.00927921537761234,0,0.0,1.0
1.9922441206085737,6.347229418583714,0.5580310669532068,0.009282810305914092,0,0.0,1.0
1.9930800113436757,6.340510083826298,0.5582403878800386,0.00928638730443614,0,0.0,1.0
1.9938685657497086,6.333824261890795,0.5584486648143924,0.009289946462603631,0,0.0,1.0
1.99460970834649,6.327171785631309,0.5586559029632024,0.009293487869395704,0,0.0,1.0
1.995303368167796,6.320552488735588,0.5588621075074333,0.009297011613347715,0,0.0,1.0
1.995949478772687,6.313966205720865,0.5590672836022091,0.009300517782553447,0,0.0,1.0
1.9965479782561126,6.3074127719297195,0.5592714363769431,0.00930400646466731,0,0.0,1.0
1.9970988092587991,6.300892023525967,0.5594745709354653,0.00930747774690654,0,0.0,1.0
1.9976019189764096,6.294403797490557,0.5596766923561501,0.009310931716053374,0,0.0,1.0
1.9980572591679808,6.287947931617502,0.5598778056920437,0.009314368458457222,0,0.0,1.0
1.9984647861636333,6.281524264509819,0.5600779159709899,0.00931778806003682,0,0.0,1.0
1.998824460871551,6.275132635575494,0.5602770281957561,0.009321190606282385,0,0.0,1.0
1.9991362487842312,6.26877288502347,0.5604751473441583,0.009324576182257755,0,0.0,1.0
1.9994001199840017,6.262444853859655,0.5606722783691854,0.009327944872602502,0,0.0,1.0
1.9996160491478059,6.256148383882939,0.5608684261991235,0.009331296761534063,0,0.0,1.0
1.9997840155512536,6.249883317681245,0.5610635957376784,0.009334631932849832,0,0.0,1.0
1.9999040030719344,6.24364949862759,0.5612577918640989,0.009337950469929268,0,0.0,1.0
1.9999760001919988,6.237446770876175,0.5614510194332981,0.009341252455735971,0,0.0,1.0
2.0,6.231274979358482,0.5616432832759755,0.009344537972819757,0,0.0,1.0
1.9999760001919988,6.225133969779402,0.5618345881987369,0.009347807103318725,0,0.0,1.0
1.9999040030719344,6.219023588613375,0.5620249389842156,0.009351059928961307,0,0.0,1.0
1.9997840155512536,6.212943683100555,0.5622143403911909,0.009354296531068316,0,0.0,1.0
1.9996160491478059,6.206894101242987,0.5624027971547081,0.00935751699055497,0,0.0,1.0
1.9994001199840017,6.200874691800808,0.562590313986196,0.009360721387932924,0,0.0,1.0
1.9991362487842312,6.19488530428847,0.562776895573585,0.009363909803312283,0,0.0,1.0
1.998824460871551,6.188925788970973,0.5629625465814247,0.009367082316403593,0,0.0,1.0
1.9984647861636333,6.182995996860124,0.5631472716509999,0.00937023900651985,0,0.0,1.0
1.9980572591679808,6.177095779710811,0.5633310754004469,0.009373379952578469,0,0.0,1.0
1.9976019189764096,6.171224990017297,0.5635139624248692,0.009376505233103266,0,0.0,1.0
1.9970988092587991,6.165383481009536,0.5636959372964517,0.009379614926226416,0,0.0,1.0
1.9965479782561126,6.159571106649496,0.5638770045645759,0.009382709109690412,0,0.0,1.0
1.995949478772687,6.153787721627518,0.5640571687559327,0.009385787860849999,0,0.0,1.0
1.995303368167796,6.148033181358673,0.5642364343746363,0.009388851256674116,0,0.0,1.0
1.99460970834649,6.142307341979155,0.5644148059023367,0.009391899373747821,0,0.0,1.0
1.9938685657497086,6.136610060342682,0.5645922877983313,0.009394932288274196,0,0.0,1.0
1.9930800113436757,6.130941194016916,0.5647688844996767,0.009397950076076265,0,0.0,1.0
1.9922441206085737,6.125300601279905,0.5649446004212995,0.009400952812598878,0,0.0,1.0
1.9913609735265023,6.119688141116534,0.5651194399561071,0.009403940572910607,0,0.0,1.0
1.9904306545687236,6.114103673215008,0.5652934074750969,0.009406913431705613,0,0.0,1.0
1.9894532526821962,6.108547057963339,0.565466507327466,0.009409871463305523,0,0.0,1.0
1.9884288612754022,6.103018156445857,0.5656387438407195,0.009412814741661278,0,0.0,1.0
1.9873575782034694,6.097516830439734,0.5658101213207796,0.009415743340354991,0,0.0,1.0
1.9862395057525912,6.092042942411534,0.5659806440520918,0.009418657332601785,0,0.0,1.0
1.985074750623752,6.086596355513771,0.5661503162977336,0.009421556791251616,0,0.0,1.0
1.983863423915754,6.081176933581491,0.5663191422995197,0.0094244417887911,0,0.0,1.0
1.9826056411075572,6.075784541128861,0.5664871262781092,0.009427312397345327,0,0.0,1.0
1.9813015220399315,6.07041904334579,0.5666542724331102,0.00943016868867966,0,0.0,1.0
1.9799511908964267,6.065080306094555,0.5668205849431851,0.009433010734201532,0,0.0,1.0
1.9785547761836644,6.059768195906444,0.5669860679661556,0.009435838604962226,0,0.0,1.0
1.9771124107109568,6.054482579978426,0.5671507256391058,0.009438652371658663,0,0.0,1.0
1.9756242315692547,6.04922332616983,0.5673145620784861,0.009441452104635154,0,0.0,1.0
1.974090380109433,6.043990302999035,0.5674775813802159,0.00944423787388517,0,0.0,1.0
1.9725110019199148,6.03878337964019,0.5676397876197864,0.009447009749053086,0,0.0,1.0
1.9708862468036425,6.033602425919939,0.5678011848523619,0.009449767799435928,0,0.0,1.0
1.9692162687543973,6.028447312314169,0.5679617771128818,0.009452512093985097,0,0.0,1.0
1.9675012259324753,6.023317909944772,0.5681215684161607,0.009455242701308101,0,0.0,1.0
1.9657412806397254,6.018214090576421,0.5682805627569898,0.009457959689670265,0,0.0,1.0
1.963936599293952,6.013135726613368,0.5684387641102356,0.00946066312699644,0,0.0,1.0
1.962087352402691,6.008082691096247,0.5685961764309405,0.0094633530808727,0,0.0,1.0
1.9601937145363633,6.003054857698907,0.5687528036544206,0.00946602961854803,0,0.0,1.0
1.958255864300812,5.9980521007252525,0.5689086496963645,0.009468692806936012,0,0.0,1.0
1.956273984309231,5.993074295106099,0.5690637184529315,0.009471342712616496,0,0.0,1.0
1.9542482611534864,5.988121316396044,0.5692180138008485,0.009473979401837262,0,0.0,1.0
1.952178885374844,5.983193040770365,0.5693715395975073,0.009476602940515676,0,0.0,1.0
1.9500660514341033,5.978289345021913,0.5695242996810609,0.009479213394240344,0,0.0,1.0
1.9479099576811467,5.973410106558039,0.5696762978705192,0.009481810828272742,0,0.0,1.0
1.9457108063239128,5.968555203397527,0.5698275379658448,0.009484395307548858,0,0.0,1.0
1.9434688033967964,5.963724514167546,0.5699780237480482,0.009486966896680809,0,0.0,1.0
1.9411841587284848,5.958917918100614,0.5701277589792816,0.009489525659958456,0,0.0,1.0
1.9388570859092382,5.954135295031577,0.5702767474029337,0.009492071661351015,0,0.0,1.0
1.9364878022576177,5.9493765253946105,0.5704249927437227,0.009494604964508654,0,0.0,1.0
1.934076528786672,5.944641490220226,0.5705724987077899,0.009497125632764081,0,0.0,1.0
1.9316234901695886,5.939930071132297,0.5707192689827922,0.009499633729134137,0,0.0,1.0
1.9291289147048165,5.935242150345101,0.570865307237994,0.009502129316321361,0,0.0,1.0
1.9265930342806685,5.930577610660374,0.5710106171243593,0.009504612456715562,0,0.0,1.0
1.9240160843394107,5.925936335464382,0.5711552022746429,0.009507083212395379,0,0.0,1.0
1.921398303840848,5.921318208725002,0.5712990663034809,0.009509541645129833,0,0.0,1.0
1.9187399352254106,5.916723114988826,0.5714422128074818,0.009511987816379871,0,0.0,1.0
1.9160412243767535,5.912150939378269,0.5715846453653154,0.009514421787299901,0,0.0,1.0
1.9133024205838731,5.9076015675887055,0.5717263675378033,0.009516843618739322,0,0.0,1.0
1.9105237765027527,5.903074885885603,0.5718673828680069,0.009519253371244048,0,0.0,1.0
1.907705548117542,5.898570781101682,0.572007694881317,0.009521651105058017,0,0.0,1.0
1.9048479947012802,5.89408914063409,0.5721473070855412,0.009524036880124697,0,0.0,1.0
1.901951378776173,5.889629852441581,0.572286222970992,0.009526410756088592,0,0.0,1.0
1.8990159660734292,5.885192805041718,0.5724244460105734,0.009528772792296721,0,0.0,1.0
1.8960420254926649,5.880777887508084,0.572561979659869,0.009531123047800115,0,0.0,1.0
1.893029829060889,5.876384989467512,0.572698827357227,0.009533461581355283,0,0.0,1.0
1.8899796518910725,5.872014001097322,0.5728349925238471,0.009535788451425688,0,0.0,1.0
1.886891772140316,5.867664813122577,0.5729704785638653,0.009538103716183199,0,0.0,1.0
1.8837664709676178,5.86333731681335,0.5731052888644399,0.009540407433509559,0,0.0,1.0
1.8806040324912598,5.85903140398201,0.5732394267958353,0.009542699660997817,0,0.0,1.0
1.8774047437458123,5.85474696698051,0.5733728957115067,0.009544980455953785,0,0.0,1.0
1.8741688946387725,5.8504838986977035,0.5735056989481843,0.009547249875397451,0,0.0,1.0
1.8708967779068422,5.84624209255666,0.5736378398259555,0.009549507976064422,0,0.0,1.0
1.867588689071857,5.842021442512006,0.5737693216483494,0.009551754814407332,0,0.0,1.0
1.8642449263963718,5.837821843047269,0.5739001477024184,0.009553990446597256,0,0.0,1.0
1.8608657908389197,5.833643189172246,0.5740303212588205,0.009556214928525113,0,0.0,1.0
1.857451586008942,5.8294853764203705,0.5741598455719015,0.009558428315803072,0,0.0,1.0
1.854002618121413,5.825348300846109,0.5742887238797759,0.009560630663765926,0,0.0,1.0
1.8505191959511547,5.821231859022354,0.5744169594044082,0.009562822027472492,0,0.0,1.0
1.8470016307868629,5.817135948037848,0.5745445553516931,0.009565002461706973,0,0.0,1.0
1.843450236384846,5.813060465494602,0.5746715149115361,0.009567172020980341,0,0.0,1.0
1.8398653289224907,5.80900530950534,0.5747978412579327,0.00956933075953169,0,0.0,1.0
1.8362472269514631,5.8049703786909514,0.574923537549048,0.009571478731329599,0,0.0,1.0
1.8325962513506535,5.800955572177957,0.5750486069272961,0.00957361599007347,0,0.0,1.0
1.828912725278875,5.796960789595982,0.5751730525194177,0.009575742589194886,0,0.0,1.0
1.8251969741273304,5.792985931075256,0.5752968774365593,0.009577858581858936,0,0.0,1.0
1.821449325471846,5.789030897244108,0.5754200847743502,0.009579964020965545,0,0.0,1.0
1.817670109024897,5.7850955892264855,0.5755426776129803,0.009582058959150801,0,0.0,1.0
1.8138596565874203,5.781179908639485,0.5756646590172768,0.009584143448788269,0,0.0,1.0
1.810018302000434,5.7772837575908875,0.5757860320367812,0.009586217541990296,0,0.0,1.0
1.8061463810964686,5.773407038676713,0.5759067997058256,0.009588281290609322,0,0.0,1.0
1.8022442316508225,5.769549654978786,0.5760269650436076,0.00959033474623917,0,0.0,1.0
1.798312193332649,5.7657115100623155,0.5761465310542672,0.009592377960216338,0,0.0,1.0
1.794350607655887,5.761892507973478,0.5762655007269607,0.009594410983621281,0,0.0,1.0
1.7903598179300442,5.75809255323702,0.5763838770359363,0.009596433867279689,0,0.0,1.0
1.7863401692108427,5.754311550853878,0.5765016629406078,0.00959844666176376,0,0.0,1.0
1.7822920082507379,5.750549406298794,0.5766188613856288,0.00960044941739346,0,0.0,1.0
1.778215683449317,5.746806025517959,0.5767354753009668,0.009602442184237787,0,0.0,1.0
1.7741115448035936,5.743081314926658,0.5768515076019756,0.009604425012116013,0,0.0,1.0
1.7699799438582013,5.739375181406932,0.5769669611894688,0.009606397950598939,0,0.0,1.0
1.7658212336555004,5.735687532305251,0.577081838949792,0.00960836104901013,0,0.0,1.0
1.7616357686856068,5.732018275430194,0.5771961437548954,0.009610314356427148,0,0.0,1.0
1.7574239048363502,5.728367319050149,0.5773098784624049,0.00961225792168278,0,0.0,1.0
1.753185999343178,5.724734571891016,0.5774230459156943,0.00961419179336626,0,0.0,1.0
1.7489224107390051,5.721119943133928,0.5775356489439556,0.00961611601982448,0,0.0,1.0
1.7446334988040293,5.717523342412975,0.5776476903622705,0.0096180306491632,0,0.0,1.0
1.7403196245155144,5.713944679812955,0.5777591729716802,0.009619935729248257,0,0.0,1.0
1.7359811499975548,5.710383865867113,0.577870099559256,0.00962183130770675,0,0.0,1.0
1.731618438470831,5.706840811554919,0.577980472898168,0.009623717431928238,0,0.0,1.0
1.7272318542023641,5.7033154282998275,0.5780902957477557,0.009625594149065927,0,0.0,1.0
1.7228217624552784,5.699807627967075,0.578199570853596,0.009627461506037842,0,0.0,1.0
1.718388529438586,5.696317322861469,0.5783083009475721,0.009629319549528005,0,0.0,1.0
1.713932522256998,5.692844425725202,0.5784164887479422,0.0096311683259876,0,0.0,1.0
1.7094541088607738,5.689388849735663,0.5785241369594069,0.009633007881636135,0,0.0,1.0
1.7049536579956184,5.685950508503273,0.5786312482731769,0.009634838262462597,0,0.0,1.0
1.7004315391526375,5.682529316069323,0.5787378253670408,0.009636659514226601,0,0.0,1.0
1.6958881225183569,5.679125186903823,0.5788438709054315,0.009638471682459536,0,0.0,1.0
1.69132377892482,5.675738035903367,0.578949387539493,0.009640274812465703,0,0.0,1.0
1.6867388797997689,5.672367778389003,0.5790543779071465,0.009642068949323446,0,0.0,1.0
1.6821337971169192,5.669014330104118,0.5791588446331568,0.00964385413788628,0,0.0,1.0
1.6775089033463404,5.66567760721233,0.5792627903291975,0.009645630422784013,0,0.0,1.0
1.6728645714049462,5.662357526295393,0.5793662175939164,0.00964739784842386,0,0.0,1.0
1.6682011746071073,5.659054004351111,0.5794691290130004,0.00964915645899155,0,0.0,1.0
1.663519086615397,5.655766958791264,0.5795715271592403,0.009650906298452442,0,0.0,1.0
1.6588186813914718,5.652496307439541,0.5796734145925954,0.009652647410552615,0,0.0,1.0
1.6541003331471038,5.649241968529489,0.5797747938602565,0.009654379838819959,0,0.0,1.0
1.6493644162953698,5.646003860702464,0.5798756674967108,0.009656103626565273,0,0.0,1.0
1.644611305402004,5.642781903005603,0.5799760380238044,0.009657818816883339,0,0.0,1.0
1.6398413751369285,5.639576014889795,0.5800759079508055,0.009659525452654007,0,0.0,1.0
1.6350550002259632,5.636386116207671,0.5801752797744678,0.009661223576543258,0,0.0,1.0
1.630252555402731,5.633212127211597,0.5802741559790919,0.009662913231004277,0,0.0,1.0
1.6254344153607594,5.6300539685516835,0.5803725390365881,0.009664594458278514,0,0.0,1.0
1.6206009547057934,5.626911561273799,0.580470431406538,0.00966626730039674,0,0.0,1.0
1.615752547908323,5.623784826817597,0.5805678355362558,0.009667931799180093,0,0.0,1.0
1.6108895692563356,5.6206736870145555,0.5806647538608499,0.009669587996241132,0,0.0,1.0
1.606012392808302,5.6175780640860165,0.5807611888032835,0.009671235932984865,0,0.0,1.0
1.6011213923464036,5.6144978806412436,0.5808571427744352,0.009672875650609803,0,0.0,1.0
1.5962169413300058,5.611433059675493,0.5809526181731592,0.009674507190108966,0,0.0,1.0
1.5912994128493911,5.6083835245680795,0.5810476173863455,0.00967613059227093,0,0.0,1.0
1.5863691795797543,5.605349199080467,0.5811421427889794,0.009677745897680832,0,0.0,1.0
1.5814266137354707,5.60233000735436,0.5812361967442008,0.009679353146721392,0,0.0,1.0
1.5764720870246431,5.599325873909809,0.5813297816033635,0.00968095237957392,0,0.0,1.0
1.5715059706039363,5.5963367236433195,0.5814228997060938,0.00968254363621932,0,0.0,1.0
1.5665286350337047,5.593362481825981,0.5815155533803493,0.009684126956439092,0,0.0,1.0
1.561540450233423,5.590403074101593,0.5816077449424766,0.009685702379816323,0,0.0,1.0
1.5565417854374242,5.587458426484806,0.5816994766972695,0.00968726994573668,0,0.0,1.0
1.5515330091509538,5.584528465359279,0.5817907509380267,0.009688829693389392,0,0.0,1.0
1.5465144891065465,5.58161311747583,0.5818815699466089,0.009690381661768232,0,0.0,1.0
1.5414865922207333,5.57871230995061,0.5819719359934961,0.009691925889672489,0,0.0,1.0
1.5364496845510813,5.575825970263281,0.5820618513378442,0.009693462415707944,0,0.0,1.0
1.5314041312535827,5.572954026255199,0.5821513182275414,0.009694991278287825,0,0.0,1.0
1.526350296540386,5.570096406127615,0.5822403388992647,0.009696512515633778,0,0.0,1.0
1.5212885436378871,5.567253038439876,0.5823289155785356,0.009698026165776814,0,0.0,1.0
1.516219234745183,5.564423852107643,0.5824170504797755,0.009699532266558269,0,0.0,1.0
1.5111427309928904,5.56160877640111,0.5825047458063617,0.009701030855630738,0,0.0,1.0
1.506059392402341,5.558807740943237,0.5825920037506818,0.009702521970459024,0,0.0,1.0
1.5009695778451566,5.556020675707993,0.5826788264941889,0.00970400564832108,0,0.0,1.0
1.4958736450032104,5.5532475110186,0.5827652162074564,0.009705481926308927,0,0.0,1.0
1.4907719503289785,5.550488177545798,0.5828511750502312,0.009706950841329593,0,0.0,1.0
1.4856648490062914,5.547742606306106,0.5829367051714893,0.009708412430106029,0,0.0,1.0
1.4805526949114873,5.5450107286601,0.5830218087094878,0.00970986672917803,0,0.0,1.0
1.475435840574972,5.542292476310696,0.58310648779182,0.00971131377490315,0,0.0,1.0
1.4703146371431948,5.539587781301445,0.5831907445354669,0.009712753603457606,0,0.0,1.0
1.4651894343410423,5.536896576014829,0.5832745810468518,0.009714186250837187,0,0.0,1.0
1.460060580434655,5.534218793170578,0.5833579994218917,0.009715611752858155,0,0.0,1.0
1.4549284221946737,5.53155436582398,0.5834410017460504,0.009717030145158132,0,0.0,1.0
1.4497933048599179,5.528903227364212,0.5835235900943904,0.009718441463197,0,0.0,1.0
1.4446555721015046,5.526265311512676,0.5836057665316244,0.009719845742257783,0,0.0,1.0
1.4395155659874062,5.5236405523213365,0.583687533112168,0.00972124301744753,0,0.0,1.0
1.4343736269474583,5.521028884171079,0.5837688918801898,0.009722633323698196,0,0.0,1.0
1.429230093738817,5.518430241770061,0.5838498448696631,0.009724016695767508,0,0.0,1.0
1.4240853034118732,5.5158445601520905,0.583930394104417,0.00972539316823984,0,0.0,1.0
1.418939591276624,5.51327177467499,0.5840105415981867,0.009726762775527075,0,0.0,1.0
1.4137932908695103,5.51071182101899,0.5840902893546635,0.009728125551869467,0,0.0,1.0
1.408646733920718,5.508164635185115,0.5841696393675455,0.009729481531336496,0,0.0,1.0
1.4035002503219542,5.505630153493586,0.5842485936205872,0.00973083074782772,0,0.0,1.0
1.3983541680946934,5.5031083125822295,0.584327154087649,0.009732173235073619,0,0.0,1.0
1.3932088133589047,5.500599049404891,0.5844053227327468,0.009733509026636446,0,0.0,1.0
1.3880645103022586,5.498102301229861,0.5844831015101006,0.00973483815591106,0,0.0,1.0
1.382921581149818,5.495618005638304,0.5845604923641841,0.009736160656125759,0,0.0,1.0
1.3777803461342155,5.493146100522702,0.5846374972297724,0.009737476560343121,0,0.0,1.0
1.3726411234663243,5.490686524085297,0.5847141180319914,0.009738785901460817,0,0.0,1.0
1.3675042293064161,5.488239214836551,0.584790356686365,0.009740088712212446,0,0.0,1.0
1.362369977735821,5.485804111593605,0.5848662150988636,0.009741385025168345,0,0.0,1.0
1.3572386807290802,5.483381153478752,0.5849416951659515,0.0097426748727364,0,0.0,1.0
1.3521106481266016,5.480970279917911,0.5850167987746343,0.009743958287162874,0,0.0,1.0
1.3469861876078189,5.4785714306391196,0.5850915278025061,0.00974523530053319,0,0.0,1.0
1.3418656046648523,5.476184545671019,0.5851658841177964,0.00974650594477275,0,0.0,1.0
1.3367492025766805,5.473809565341361,0.585239869579417,0.009747770251647728,0,0.0,1.0
1.3316372823838174,5.471446430275516,0.5853134860370084,0.00974902825276586,0,0.0,1.0
1.3265301428635017,5.469095081394981,0.5853867353309857,0.00975027997957724,0,0.0,1.0
1.3214280805053977,5.4667554599159125,0.5854596192925853,0.009751525463375101,0,0.0,1.0
1.316331389487811,5.464427507347653,0.5855321397439098,0.009752764735296607,0,0.0,1.0
1.3112403616544177,5.462111165491266,0.5856042984979745,0.009753997826323618,0,0.0,1.0
1.306155286491511,5.459806376438085,0.5856760973587518,0.009755224767283473,0,0.0,1.0
1.3010764511057653,5.457513082568262,0.5857475381212169,0.009756445588849763,0,0.0,1.0
1.296004140202518,5.4552312265493335,0.5858186225713929,0.009757660321543089,0,0.0,1.0
1.2909386360645727,5.4529607513347775,0.5858893524863945,0.00975886899573183,0,0.0,1.0
1.28588021853152,5.450701600162597,0.5859597296344733,0.009760071641632909,0,0.0,1.0
1.2808291649795813,5.448453716553894,0.5860297557750618,0.00976126828931253,0,0.0,1.0
1.2757857503019734,5.446217044311463,0.5860994326588169,0.00976245896868695,0,0.0,1.0
1.2707502468897949,5.44399152751838,0.5861687620276647,0.009763643709523215,0,0.0,1.0
1.265722924613434,5.441777110536609,0.5862377456148427,0.00976482254143991,0,0.0,1.0
1.2607040508045013,5.4395737380056115,0.5863063851449442,0.00976599549390789,0,0.0,1.0
1.2556938902382817,5.437381354840958,0.5863746823339612,0.00976716259625103,0,0.0,1.0
1.2506927051167105,5.435199906232956,0.5864426388893269,0.00976832387764695,0,0.0,1.0
1.2457007550518722,5.4330293376452765,0.5865102565099587,0.009769479367127744,0,0.0,1.0
1.2407182970500192,5.430869594813592,0.5865775368863007,0.00977062909358071,0,0.0,1.0
1.2357455854961148,5.428720623744218,0.5866444817003656,0.00977177308574907,0,0.0,1.0
1.2307828721388947,5.426582370712768,0.5867110926257776,0.009772911372232686,0,0.0,1.0
1.2258304060764504,5.424454782262803,0.586777371327813,0.009774043981488782,0,0.0,1.0
1.2208884337423318,5.422337805204501,0.586843319463443,0.009775170941832645,0,0.0,1.0
1.2159571988921687,5.420231386613327,0.5869089386813743,0.009776292281438344,0,0.0,1.0
1.2110369425908103,5.4181354738287055,0.5869742306220909,0.009777408028339428,0,0.0,1.0
1.2061279031999808,5.416050014452707,0.5870391969178945,0.009778518210429627,0,0.0,1.0
1.2012303163664522,5.413974956348739,0.5871038391929461,0.00977962285546355,0,0.0,1.0
1.1963444150107294,5.411910247640241,0.5871681590633058,0.009780721991057385,0,0.0,1.0
1.1914704293162504,5.409855836709388,0.5872321581369737,0.009781815644689572,0,0.0,1.0
1.1866085867190959,5.4078116721958,0.58729583801393,0.009782903843701514,0,0.0,1.0
1.1817591118982103,5.405777702995256,0.5873592002861752,0.009783986615298243,0,0.0,1.0
1.1769222267661303,5.403753878258422,0.587422246537769,0.009785063986549101,0,0.0,1.0
1.1720981504602204,5.401740147389573,0.5874849783448711,0.00978613598438843,0,0.0,1.0
1.1672870993344118,5.399736460045332,0.5875473972757801,0.009787202635616228,0,0.0,1.0
1.162489286951444,5.397742766133413,0.5876095048909724,0.009788263966898835,0,0.0,1.0
1.1577049240756092,5.395759015811362,0.5876713027431417,0.009789320004769586,0,0.0,1.0
1.1529342186659908,5.3937851594853194,0.5877327923772374,0.009790370775629484,0,0.0,1.0
1.1481773758702005,5.391821147808773,0.5877939753305036,0.009791416305747853,0,0.0,1.0
1.1434345980186094,5.38986693168133,0.5878548531325174,0.009792456621263003,0,0.0,1.0
1.138706084619068,5.387922462247484,0.5879154273052268,0.009793491748182875,0,0.0,1.0
1.1339920323521162,5.385987690895399,0.5879756993629895,0.009794521712385696,0,0.0,1.0
1.1292926350666779,5.38406256925569,0.5880356708126101,0.009795546539620623,0,0.0,1.0
1.1246080837762413,5.382147049200215,0.5880953431533779,0.009796566255508394,0,0.0,1.0
1.1199385666555164,5.3802410828408735,0.5881547178771043,0.009797580885541956,0,0.0,1.0
1.11528426903757,5.378344622528408,0.5882137964681609,0.009798590455087115,0,0.0,1.0
1.1106453734114388,5.376457620851211,0.5882725804035152,0.00979959498938316,0,0.0,1.0
1.1060220594202086,5.374580030634142,0.5883310711527687,0.009800594513543502,0,0.0,1.0
1.1014145038595646,5.372711804937349,0.5883892701781934,0.009801589052556297,0,0.0,1.0
1.096822880676807,5.370852897055091,0.5884471789347678,0.009802578631285072,0,0.0,1.0
1.0922473609703254,5.3690032605145745,0.5885047988702139,0.009803563274469348,0,0.0,1.0
1.087688112989533,5.3671628490747905,0.588562131425033,0.009804543006725253,0,0.0,1.0
1.0831453021352566,5.3653316167253555,0.588619178032542,0.009805517852546146,0,0.0,1.0
1.0786190909605742,5.363509517685367,0.5886759401189091,0.009806487836303224,0,0.0,1.0
1.0741096391721037,5.361696506402253,0.5887324191031893,0.009807452982246131,0,0.0,1.0
1.0696171036317321,5.359892537550637,0.5887886163973604,0.009808413314503566,0,0.0,1.0
1.0651416383587877,5.358097566031206,0.5888445334063573,0.009809368857083884,0,0.0,1.0
1.0606833945326455,5.356311546969575,0.5889001715281085,0.009810319633875702,0,0.0,1.0
1.0562425204957662,5.354534435715177,0.5889555321535697,0.009811265668648485,0,0.0,1.0
1.0518191617571635,5.352766187840136,0.5890106166667595,0.009812206985053156,0,0.0,1.0
1.0474134609962955,5.351006759138166,0.5890654264447936,0.009813143606622672,0,0.0,1.0
1.0430255580673748,5.349256105623455,0.5891199628579193,0.009814075556772623,0,0.0,1.0
1.038655590004097,5.347514183529575,0.5891742272695498,0.009815002858801807,0,0.0,1.0
1.0343036910247785,5.345780949308383,0.5892282210362982,0.009815925535892828,0,0.0,1.0
1.029969992537902,5.344056359628934,0.5892819455080116,0.00981684361111266,0,0.0,1.0
1.0256546231480672,5.342340371376395,0.5893354020278043,0.009817757107413227,0,0.0,1.0
1.0213577086623369,5.34063294165097,0.5893885919320924,0.009818666047631989,0,0.0,1.0
1.0170793720969797,5.338934027766828,0.5894415165506259,0.009819570454492499,0,0.0,1.0
1.012819733684602,5.337243587251033,0.5894941772065234,0.009820470350604972,0,0.0,1.0
1.0085789108816634,5.335561577842483,0.5895465752163038,0.009821365758466859,0,0.0,1.0
1.004357018376375,5.333887957490858,0.5895987118899203,0.009822256700463406,0,0.0,1.0
1.0001541680969723,5.33222268435556,0.5896505885307922,0.009823143198868206,0,0.0,1.0
0.99597046922036,5.330565716804673,0.5897022064358384,0.009824025275843766,0,0.0,1.0
0.9918060281811218,5.328917013413924,0.5897535668955091,0.009824902953442058,0,0.0,1.0
0.9876609486808936,5.327276532965642,0.5898046711938185,0.009825776253605065,0,0.0,1.0
0.983535331698093,5.325644234447728,0.5898555206083768,0.009826645198165338,0,0.0,1.0
0.9794292754980007,5.324020077052637,0.5899061164104219,0.009827509808846538,0,0.0,1.0
0.9753428756431882,5.322404020176349,0.5899564598648516,0.009828370107263973,0,0.0,1.0
0.9712762250042901,5.320796023417357,0.5900065522302548,0.009829226114925153,0,0.0,1.0
0.9672294137711106,5.319196046575658,0.5900563947589432,0.009830077853230309,0,0.0,1.0
0.9632025294640647,5.317604049651748,0.5901059886969827,0.009830925343472947,0,0.0,1.0
0.9591956569459448,5.3160199928456215,0.5901553352842244,0.009831768606840366,0,0.0,1.0
0.9552088784340109,5.314443836555776,0.5902044357543353,0.009832607664414194,0,0.0,1.0
0.9512422735123975,5.3128755413782205,0.5902532913348301,0.009833442537170913,0,0.0,1.0
0.947295919144831,5.311315068105496,0.5903019032471004,0.009834273245982388,0,0.0,1.0
0.9433698896876559,5.309762377725688,0.5903502727064469,0.00983509981161638,0,0.0,1.0
0.9394642569031614,5.308217431421458,0.5903984009221085,0.009835922254737074,0,0.0,1.0
0.9355790899732057,5.306680190569065,0.590446289097293,0.00983674059590559,0,0.0,1.0
0.9317144555131295,5.30515061673741,0.5904939384292073,0.0098375548555805,0,0.0,1.0
0.9278704175859577,5.303628671687066,0.5905413501090873,0.009838365054118342,0,0.0,1.0
0.92404703771688,5.302114317369329,0.5905885253222274,0.009839171211774116,0,0.0,1.0
0.9202443749080091,5.30060751592526,0.5906354652480102,0.009839973348701809,0,0.0,1.0
0.9164624856534066,5.299108229684747,0.5906821710599367,0.009840771484954883,0,0.0,1.0
0.9127014239543761,5.2976164211655545,0.5907286439256543,0.009841565640486789,0,0.0,1.0
0.9089612413350154,5.296132053072392,0.5907748850069872,0.009842355835151455,0,0.0,1.0
0.905241986858022,5.294655088295979,0.5908208954599646,0.00984314208870379,0,0.0,1.0
0.9015437071407483,5.293185489912121,0.5908666764348507,0.009843924420800171,0,0.0,1.0
0.8978664463715013,5.2917232211807805,0.5909122290761718,0.009844702850998945,0,0.0,1.0
0.8942102463260796,5.290268245545164,0.5909575545227466,0.009845477398760905,0,0.0,1.0
0.8905751463845435,5.288820526630804,0.5910026539077133,0.009846248083449785,0,0.0,1.0
0.8869611835482141,5.287380028244653,0.5910475283585592,0.009847014924332745,0,0.0,1.0
0.883368392456892,5.285946714374175,0.5910921789971478,0.009847777940580844,0,0.0,1.0
0.879796805406297,5.284520549186449,0.5911366069397475,0.00984853715126953,0,0.0,1.0
0.8762464523657154,5.283101497027272,0.591180813297059,0.00984929257537911,0,0.0,1.0
0.8727173609958563,5.281689522420266,0.5912247991742434,0.009850044231795222,0,0.0,1.0
0.8692095566669085,5.280284590065992,0.5912685656709503,0.009850792139309322,0,0.0,1.0
0.8657230624767915,5.278886664841067,0.5913121138813442,0.009851536316619131,0,0.0,1.0
0.8622578992696,5.277495711797289,0.5913554448941326,0.009852276782329125,0,0.0,1.0
0.8588140856542288,5.276111696160759,0.591398559792593,0.009853013554950982,0,0.0,1.0
0.8553916380231826,5.274734583331012,0.5914414596546004,0.009853746652904057,0,0.0,1.0
0.8519905705715567,5.273364338880159,0.5914841455526534,0.009854476094515839,0,0.0,1.0
0.8486108953161875,5.272000928552016,0.5915266185539017,0.009855201898022404,0,0.0,1.0
0.8452526221149679,5.270644318261253,0.5915688797201724,0.009855924081568877,0,0.0,1.0
0.8419157586863208,5.2692944740925425,0.591610930107997,0.009856642663209885,0,0.0,1.0
0.8386003106288253,5.26795136229971,0.5916527707686374,0.009857357660910008,0,0.0,1.0
0.8353062814409921,5.266614949304891,0.5916944027481122,0.009858069092544223,0,0.0,1.0
0.8320336725411809,5.265285201697692,0.5917358270872233,0.00985877697589836,0,0.0,1.0
0.8287824832876565,5.263962086234351,0.591777044821581,0.00985948132866954,0,0.0,1.0
0.8255527109987768,5.262645569836915,0.591818056981631,0.009860182168466618,0,0.0,1.0
0.822344350973308,5.261335619592403,0.5918588645926794,0.009860879512810623,0,0.0,1.0
0.8191573965108634,5.260032202751993,0.5918994686749186,0.009861573379135204,0,0.0,1.0
0.8159918389324574,5.258735286730194,0.5919398702434528,0.009862263784787054,0,0.0,1.0
0.8128476676011733,5.25744483910404,0.5919800703083232,0.009862950747026351,0,0.0,1.0
0.8097248699429376,5.2561608276122715,0.5920200698745337,0.009863634283027185,0,0.0,1.0
0.8066234314673959,5.254883220154536,0.5920598699420754,0.009864314409877992,0,0.0,1.0
0.8035433357888866,5.253611984790579,0.5920994715059521,0.009864991144581978,0,0.0,1.0
0.8004845646475056,5.252347089739451,0.592138875556205,0.009865664504057547,0,0.0,1.0
0.7974470979302593,5.25108850337871,0.5921780830779373,0.009866334505138722,0,0.0,1.0
0.7944309136922989,5.24983619424363,0.5922170950513392,0.009867001164575562,0,0.0,1.0
0.7914359881782322,5.248590131026419,0.592255912451712,0.009867664499034591,0,0.0,1.0
0.7884622958435081,5.247350282575431,0.5922945362494928,0.009868324525099203,0,0.0,1.0
0.7855098093758688,5.24611661789439,0.5923329674102785,0.009868981259270083,0,0.0,1.0
0.7825784997168636,5.244889106141615,0.5923712068948501,0.009869634717965623,0,0.0,1.0
0.7796683360834229,5.243667716629248,0.5924092556591968,0.00987028491752232,0,0.0,1.0
0.7767792859894839,5.242452418822488,0.5924471146545396,0.009870931874195202,0,0.0,1.0
0.7739113152676654,5.241243182338827,0.5924847848273553,0.009871575604158214,0,0.0,1.0
0.7710643880909873,5.240039976947288,0.5925222671194004,0.009872216123504642,0,0.0,1.0
0.7682384669946283,5.238842772567676,0.5925595624677339,0.009872853448247502,0,0.0,1.0
0.7654335128977201,5.237651539269817,0.5925966718047416,0.009873487594319948,0,0.0,1.0
0.7626494851251701,5.236466247272817,0.5926335960581589,0.00987411857757566,0,0.0,1.0
0.7598863414295116,5.235286866944316,0.592670336151094,0.009874746413789257,0,0.0,1.0
0.757144038012775,5.2341133687997425,0.592706893002051,0.009875371118656674,0,0.0,1.0
0.754422529548375,5.232945723501582,0.5927432675249533,0.009875992707795565,0,0.0,1.0
0.7517217692030117,5.231783901858643,0.5927794606291658,0.009876611196745695,0,0.0,1.0
0.7490417086585799,5.230627874825322,0.5928154732195178,0.009877226600969315,0,0.0,1.0
0.7463822981340819,5.229477613500883,0.5928513061963262,0.009877838935851566,0,0.0,1.0
0.7437434864075401,5.228333089128733,0.5928869604554171,0.009878448216700851,0,0.0,1.0
0.7411252208379064,5.227194273095705,0.592922436888149,0.009879054458749223,0,0.0,1.0
0.7385274473869623,5.226061136931336,0.5929577363814345,0.009879657677152763,0,0.0,1.0
0.7359501106412055,5.224933652307166,0.5929928598177627,0.009880257886991964,0,0.0,1.0
0.7333931538337222,5.223811791036018,0.5930278080752214,0.009880855103272104,0,0.0,1.0
0.7308565188660363,5.222695525071303,0.5930625820275188,0.00988144934092362,0,0.0,1.0
0.7283401463299366,5.221584826506313,0.5930971825440057,0.009882040614802485,0,0.0,1.0
0.7258439755292729,5.220479667573526,0.5931316104896965,0.009882628939690576,0,0.0,1.0
0.7233679445017217,5.219380020643913,0.5931658667252919,0.009883214330296045,0,0.0,1.0
0.7209119900405152,5.218285858226242,0.5931999521071996,0.00988379680125369,0,0.0,1.0
0.7184760477161304,5.217197152966396,0.5932338674875557,0.009884376367125315,0,0.0,1.0
0.7160600518979343,5.216113877646685,0.5932676137142465,0.009884953042400096,0,0.0,1.0
0.7136639357757828,5.215036005185173,0.5933011916309296,0.009885526841494944,0,0.0,1.0
0.7112876313815675,5.213963508634989,0.5933346020770546,0.009886097778754866,0,0.0,1.0
0.7089310696107096,5.212896361183665,0.5933678458878844,0.009886665868453326,0,0.0,1.0
0.7065941802435947,5.21183453615246,0.5934009238945158,0.009887231124792594,0,0.0,1.0
0.7042768919669462,5.210778006995691,0.5934338369239011,0.009887793561904109,0,0.0,1.0
0.7019791323951355,5.209726747300074,0.5934665857988674,0.009888353193848828,0,0.0,1.0
0.6997008280914228,5.208680730784065,0.5934991713381383,0.009888910034617577,0,0.0,1.0
0.6974419045891262,5.207639931297193,0.5935315943563542,0.009889464098131406,0,0.0,1.0
0.6952022864127181,5.206604322819418,0.593563855664092,0.009890015398241931,0,0.0,1.0
0.6929818970988411,5.2055738794604745,0.5935959560678862,0.009890563948731685,0,0.0,1.0
0.6907806592172455,5.204548575459224,0.5936278963702486,0.009891109763314455,0,0.0,1.0
0.6885984943916419,5.203528385183014,0.5936596773696884,0.009891652855635638,0,0.0,1.0
0.6864353233204654,5.202513283127034,0.5936912998607322,0.00989219323927257,0,0.0,1.0
0.6842910657975527,5.201503243913679,0.5937227646339439,0.009892730927734867,0,0.0,1.0
0.6821656407327235,5.200498242291918,0.5937540724759446,0.009893265934464771,0,0.0,1.0
0.6800589661722672,5.199498253136657,0.5937852241694318,0.009893798272837477,0,0.0,1.0
0.6779709593193322,5.1985032514481135,0.5938162204931995,0.009894327956161474,0,0.0,1.0
0.6759015365542114,5.197513212351196,0.5938470622221576,0.00989485499767887,0,0.0,1.0
0.6738506134545259,5.1965281110948744,0.5938777501273507,0.009895379410565732,0,0.0,1.0
0.6718181048153009,5.195547923051566,0.5939082849759781,0.00989590120793241,0,0.0,1.0
0.6698039246689323,5.194572623716518,0.5939386675314127,0.009896420402823862,0,0.0,1.0
0.6678079863050422,5.193602188707198,0.5939688985532199,0.009896937008219992,0,0.0,1.0
0.6658302022902193,5.192636593762678,0.5939989787971767,0.00989745103703596,0,0.0,1.0
0.6638704844876426,5.191675814743037,0.5940289090152909,0.009897962502122512,0,0.0,1.0
0.6619287440765875,5.190719827628746,0.5940586899558196,0.009898471416266303,0,0.0,1.0
0.6600048915718078,5.18976860852008,0.5940883223632876,0.009898977792190213,0,0.0,1.0
0.6580988368427965,5.18882213363651,0.5941178069785069,0.009899481642553665,0,0.0,1.0
0.6562104891329197,5.187880379316116,0.5941471445385942,0.009899982979952945,0,0.0,1.0
0.6543397570784218,5.18694332201499,0.5941763357769902,0.009900481816921516,0,0.0,1.0
0.6524865487273024,5.1860109383066515,0.5942053814234773,0.009900978165930326,0,0.0,1.0
0.6506507715580585,5.185083204881458,0.5942342822041982,0.009901472039388128,0,0.0,1.0
0.6488323324982949,5.184160098546027,0.5942630388416739,0.009901963449641782,0,0.0,1.0
0.6470311379431967,5.183241596222651,0.5942916520548218,0.00990245240897657,0,0.0,1.0
0.6452470937738652,5.182327674948724,0.5943201225589738,0.009902938929616504,0,0.0,1.0
0.6434801053755126,5.181418311876167,0.594348451065894,0.009903423023724623,0,0.0,1.0
0.6417300776555164,5.180513484270857,0.5943766382837964,0.009903904703403304,0,0.0,1.0
0.6399969150613288,5.179613169512054,0.594404684917363,0.009904383980694565,0,0.0,1.0
0.6382805215982431,5.178717345091845,0.5944325916677611,0.009904860867580363,0,0.0,1.0
0.6365808008470119,5.17782598861457,0.594460359232661,0.009905335375982897,0,0.0,1.0
0.6348976559813172,5.176939077796273,0.5944879883062532,0.0099058075177649,0,0.0,1.0
0.6332309897850918,5.176056590464137,0.5945154795792659,0.009906277304729939,0,0.0,1.0
0.6315807046696886,5.175178504555932,0.5945428337389825,0.009906744748622716,0,0.0,1.0
0.6299467026908973,5.174304798119464,0.5945700514692583,0.009907209861129352,0,0.0,1.0
0.6283288855658073,5.173435449312028,0.594597133450538,0.009907672653877684,0,0.0,1.0
0.6267271546895163,5.172570436399858,0.5946240803598727,0.009908133138437553,0,0.0,1.0
0.6251414111516798,5.171709737757586,0.5946508928709362,0.0099085913263211,0,0.0,1.0
0.6235715557529056,5.170853331867701,0.594677571654043,0.009909047228983042,0,0.0,1.0
0.6220174890209883,5.170001197320011,0.5947041173761639,0.009909500857820972,0,0.0,1.0
0.620479111226983,5.169153312811108,0.5947305307009434,0.009909952224175634,0,0.0,1.0
0.6189563224011192,5.168309657143836,0.594756812288716,0.009910401339331212,0,0.0,1.0
0.6174490223485518,5.167470209226759,0.5947829627965227,0.009910848214515605,0,0.0,1.0
0.6159571106649495,5.166634948073635,0.5948089828781276,0.009911292860900717,0,0.0,1.0
0.614480486751919,5.165803852802891,0.594834873184034,0.009911735289602732,0,0.0,1.0
0.6130190498322641,5.164976902637103,0.5948606343615012,0.009912175511682391,0,0.0,1.0
0.6115726989650797,5.164154076902474,0.5948862670545596,0.009912613538145267,0,0.0,1.0
0.6101413330606792,5.163335355028317,0.594911771904028,0.009913049379942045,0,0.0,1.0
0.6087248508953547,5.162520716546542,0.5949371495475291,0.009913483047968795,0,0.0,1.0
0.6073231511259691,5.161710141091146,0.5949624006195051,0.009913914553067235,0,0.0,1.0
0.6059361323043805,5.1609036083977,0.5949875257512343,0.00991434390602502,0,0.0,1.0
0.6045636928916964,5.160101098302844,0.595012525570846,0.009914771117575993,0,0.0,1.0
0.6032057312723599,5.159302590743784,0.5950374007033374,0.009915196198400467,0,0.0,1.0
0.6018621457680642,5.15850806575779,0.595062151770588,0.009915619159125484,0,0.0,1.0
0.6005328346514976,5.157717503481695,0.5950867793913756,0.009916040010325086,0,0.0,1.0
0.5992176961599178,5.156930884151402,0.595111284181392,0.00991645876252057,0,0.0,1.0
0.5979166285085533,5.156148188101386,0.5951356667532584,0.00991687542618077,0,0.0,1.0
0.5966295299038354,5.155369395764206,0.5951599277165402,0.009917290011722292,0,0.0,1.0
0.5953562985564568,5.154594487670011,0.5951840676777629,0.0099177025295098,0,0.0,1.0
0.5940968326942582,5.15382344444606,0.5952080872404267,0.00991811298985626,0,0.0,1.0
0.5928510305749431,5.153056246816233,0.5952319870050219,0.0099185214030232,0,0.0,1.0
0.5916187904986204,5.152292875600547,0.5952557675690439,0.009918927779220973,0,0.0,1.0
0.5904000108201729,5.151533311714682,0.5952794295270081,0.009919332128609005,0,0.0,1.0
0.5891945899614548,5.150777536169503,0.5953029734704646,0.00991973446129605,0,0.0,1.0
0.5880024264233157,5.150025530070582,0.5953263999880131,0.009920134787340445,0,0.0,1.0
0.5868234187974518,5.149277274617726,0.595349709665318,0.009920533116750365,0,0.0,1.0
0.5856574657780853,5.1485327511045105,0.5953729030851223,0.009920929459484066,0,0.0,1.0
0.5845044661734698,5.147791940917809,0.5953959808272626,0.009921323825450135,0,0.0,1.0
0.5833643189172246,5.147054825537327,0.595418943468684,0.009921716224507743,0,0.0,1.0
0.5822369230794959,5.146321386535144,0.5954417915834535,0.009922106666466885,0,0.0,1.0
0.5811221778779463,5.145591605575244,0.5954645257427751,0.009922495161088634,0,0.0,1.0
0.5800199826885721,5.1448654644130665,0.595487146515004,0.009922881718085372,0,0.0,1.0
0.5789302370563494,5.144142944895044,0.5955096544656608,0.009923266347121045,0,0.0,1.0
0.5778528407057081,5.143424028958153,0.5955320501574454,0.009923649057811401,0,0.0,1.0
0.576787693550836,5.142708698629455,0.5955543341502512,0.009924029859724225,0,0.0,1.0
0.5757346957058116,5.141996936025655,0.5955765070011791,0.009924408762379584,0,0.0,1.0
0.574693747494566,5.141288723352652,0.5955985692645518,0.009924785775250067,0,0.0,1.0
0.573664749460677,5.140584042905091,0.5956205214919268,0.009925160907761015,0,0.0,1.0
0.5726476023769913,5.139882877065925,0.595642364232111,0.009925534169290757,0,0.0,1.0
0.5716422072550802,5.139185208305971,0.5956640980311741,0.009925905569170853,0,0.0,1.0
0.5706484653545253,5.1384910191834745,0.5956857234324621,0.00992627511668632,0,0.0,1.0
0.5696662781920373,5.13780029234367,0.5957072409766112,0.009926642821075865,0,0.0,1.0
0.5686955475504072,5.137113010518352,0.5957286512015612,0.009927008691532114,0,0.0,1.0
0.5677361754872914,5.136429156525438,0.5957499546425687,0.009927372737201852,0,0.0,1.0
0.56678806434383,5.1357487132685415,0.595771151832221,0.009927734967186236,0,0.0,1.0
0.5658511167531011,5.135071663736548,0.5957922433004488,0.009928095390541035,0,0.0,1.0
0.5649252356484088,5.134397991003183,0.5958132295745399,0.009928454016276855,0,0.0,1.0
0.5640103242714096,5.1337276782265935,0.5958341111791523,0.009928810853359353,0,0.0,1.0
0.5631062861800734,5.133060708648924,0.5958548886363273,0.009929165910709479,0,0.0,1.0
0.5622130252564838,5.132397065595901,0.5958755624655022,0.009929519197203683,0,0.0,1.0
0.5613304457144759,5.131736732476414,0.595896133183524,0.009929870721674146,0,0.0,1.0
0.5604584521071141,5.131079692782099,0.5959166013046616,0.009930220492908998,0,0.0,1.0
0.55959694933401,5.130425930086932,0.5959369673406192,0.009930568519652539,0,0.0,1.0
0.5587458426484806,5.129775428046809,0.5959572318005487,0.009930914810605455,0,0.0,1.0
0.5579050376645488,5.129128170399148,0.5959773951910626,0.009931259374425037,0,0.0,1.0
0.5570744403637875,5.128484140962471,0.5959974580162468,0.0099316022197254,0,0.0,1.0
0.5562539571020062,5.12784332363601,0.596017420777673,0.009931943355077695,0,0.0,1.0
0.5554434946157832,5.127205702399299,0.5960372839744111,0.009932282789010321,0,0.0,1.0
0.5546429600288435,5.126571261311773,0.5960570481030422,0.009932620530009146,0,0.0,1.0
0.5538522608582827,5.125939984512372,0.5960767136576706,0.00993295658651771,0,0.0,1.0
0.5530713050206393,5.1253118562191435,0.596096281129936,0.009933290966937448,0,0.0,1.0
0.5523000008378158,5.124686860728847,0.5961157510090264,0.009933623679627883,0,0.0,1.0
0.5515382570428499,5.124064982416563,0.5961351237816896,0.009933954732906852,0,0.0,1.0
0.5507859827855347,5.1234462057353,0.5961543999322462,0.009934284135050705,0,0.0,1.0
0.5500430876378941,5.122830515215611,0.5961735799426007,0.00993461189429451,0,0.0,1.0
0.5493094815995089,5.1222178954652,0.5961926642922545,0.009934938018832266,0,0.0,1.0
0.5485850751026975,5.121608331168541,0.5962116534583173,0.009935262516817107,0,0.0,1.0
0.5478697790175533,5.121001807086494,0.5962305479155193,0.009935585396361494,0,0.0,1.0
0.5471635046568369,5.120398308055927,0.5962493481362229,0.009935906665537437,0,0.0,1.0
0.5464661637807277,5.1197978189893325,0.5962680545904344,0.00993622633237668,0,0.0,1.0
0.5457776686014326,5.119200324874452,0.5962866677458164,0.00993654440487091,0,0.0,1.0
0.5450979317876571,5.118605810773902,0.5963051880676986,0.009936860890971956,0,0.0,1.0
0.5444268664689357,5.118014261824798,0.5963236160190901,0.009937175798591989,0,0.0,1.0
0.5437643862398255,5.117425663238387,0.5963419520606906,0.009937489135603715,0,0.0,1.0
0.5431104051639645,5.116840000299672,0.5963601966509021,0.009937800909840575,0,0.0,1.0
0.5424648377779938,5.1162572583670505,0.5963783502458403,0.009938111129096941,0,0.0,1.0
0.5418275990953467,5.115677422871943,0.5963964132993459,0.009938419801128312,0,0.0,1.0
0.5411986046099052,5.115100479318432,0.5964143862629964,0.009938726933651502,0,0.0,1.0
0.5405777702995256,5.114526413282899,0.5964322695861167,0.009939032534344843,0,0.0,1.0
0.5399650126294343,5.113955210413663,0.5964500637157909,0.009939336610848368,0,0.0,1.0
0.5393602485554948,5.1133868564306235,0.596467769096873,0.009939639170764004,0,0.0,1.0
0.5387633955273475,5.112821337124899,0.5964853861719986,0.009939940221655766,0,0.0,1.0
0.5381743714914244,5.112258638358479,0.5965029153815955,0.009940239771049941,0,0.0,1.0
0.5375930948938381,5.111698746063865,0.5965203571638947,0.009940537826435279,0,0.0,1.0
0.5370194846831486,5.11114164624372,0.5965377119549418,0.009940834395263182,0,0.0,1.0
0.5364534603130077,5.1105873249705205,0.5965549801886074,0.009941129484947884,0,0.0,1.0
0.5358949417446826,5.110035768386204,0.5965721622965984,0.009941423102866644,0,0.0,1.0
0.5353438494494615,5.109486962701829,0.5965892587084682,0.009941715256359925,0,0.0,1.0
0.5348001044109402,5.108940894197223,0.5966062698516281,0.009942005952731578,0,0.0,1.0
0.5342636281271931,5.108397549220647,0.5966231961513575,0.00994229519924903,0,0.0,1.0
0.5337343426128284,5.107856914188447,0.5966400380308149,0.009942583003143457,0,0.0,1.0
0.5332121704009306,5.107318975584719,0.596656795911048,0.009942869371609974,0,0.0,1.0
0.5326970345448898,5.10678371996097,0.5966734702110047,0.009943154311807804,0,0.0,1.0
0.5321888586201207,5.106251133935782,0.5966900613475435,0.009943437830860468,0,0.0,1.0
0.5316875667256716,5.105721204194476,0.5967065697354436,0.009943719935855959,0,0.0,1.0
0.5311930834857265,5.105193917488782,0.5967229957874155,0.009944000633846916,0,0.0,1.0
0.5307053340509981,5.104669260636503,0.5967393399141114,0.0099442799318508,0,0.0,1.0
0.5302242441000183,5.104147220521192,0.5967556025241354,0.00994455783685008,0,0.0,1.0
0.5297497398403228,5.103627784091818,0.5967717840240535,0.009944834355792392,0,0.0,1.0
0.5292817480095335,5.103110938362444,0.5967878848184041,0.009945109495590727,0,0.0,1.0
0.5288201958763411,5.102596670411899,0.5968039053097077,0.009945383263123593,0,0.0,1.0
0.5283650112413856,5.102084967383458,0.5968198458984777,0.009945655665235191,0,0.0,1.0
0.527916122438041,5.101575816484519,0.5968357069832295,0.00994592670873559,0,0.0,1.0
,,,,0,0.0,1.0
